file,line,type,commit,author,date,time,timezone,datetime,depth,length
style.css,1,css,750d6a1b,nithyanair1234,2026-04-08,21:47:58,-07:00,2026-04-08T21:47:58-07:00,0,5
style.css,2,css,750d6a1b,nithyanair1234,2026-04-08,21:47:58,-07:00,2026-04-08T21:47:58-07:00,2,22
style.css,3,css,3ded4aaa,nithyanair1234,2026-04-16,13:07:23,-07:00,2026-04-16T13:07:23-07:00,2,23
style.css,4,css,750d6a1b,nithyanair1234,2026-04-08,21:47:58,-07:00,2026-04-08T21:47:58-07:00,0,0
style.css,5,css,750d6a1b,nithyanair1234,2026-04-08,21:47:58,-07:00,2026-04-08T21:47:58-07:00,0,0
style.css,6,css,750d6a1b,nithyanair1234,2026-04-08,21:47:58,-07:00,2026-04-08T21:47:58-07:00,0,4
style.css,7,css,750d6a1b,nithyanair1234,2026-04-08,21:47:58,-07:00,2026-04-08T21:47:58-07:00,2,32
style.css,8,css,750d6a1b,nithyanair1234,2026-04-08,21:47:58,-07:00,2026-04-08T21:47:58-07:00,0,0
style.css,9,css,b7519ae8,nithyanair1234,2026-04-03,16:09:55,-07:00,2026-04-03T16:09:55-07:00,0,0
style.css,10,css,72c006d0,nithyanair1234,2026-04-09,15:05:25,-07:00,2026-04-09T15:05:25-07:00,0,22
style.css,11,css,72c006d0,nithyanair1234,2026-04-09,15:05:25,-07:00,2026-04-09T15:05:25-07:00,1,15
style.css,12,css,72c006d0,nithyanair1234,2026-04-09,15:05:25,-07:00,2026-04-09T15:05:25-07:00,1,17
style.css,13,css,72c006d0,nithyanair1234,2026-04-09,15:05:25,-07:00,2026-04-09T15:05:25-07:00,0,0
style.css,14,css,72c006d0,nithyanair1234,2026-04-09,15:05:25,-07:00,2026-04-09T15:05:25-07:00,0,0
style.css,15,css,72c006d0,nithyanair1234,2026-04-09,15:05:25,-07:00,2026-04-09T15:05:25-07:00,0,2
style.css,16,css,72c006d0,nithyanair1234,2026-04-09,15:05:25,-07:00,2026-04-09T15:05:25-07:00,1,28
style.css,17,css,72c006d0,nithyanair1234,2026-04-09,15:05:25,-07:00,2026-04-09T15:05:25-07:00,0,0
style.css,18,css,72c006d0,nithyanair1234,2026-04-09,15:05:25,-07:00,2026-04-09T15:05:25-07:00,0,0
style.css,19,css,db6e8c4b,nithyanair1234,2026-04-01,17:01:06,-07:00,2026-04-01T17:01:06-07:00,0,4
style.css,20,css,b7519ae8,nithyanair1234,2026-04-03,16:09:55,-07:00,2026-04-03T16:09:55-07:00,2,42
style.css,21,css,b7519ae8,nithyanair1234,2026-04-03,16:09:55,-07:00,2026-04-03T16:09:55-07:00,4,45
style.css,22,css,b7519ae8,nithyanair1234,2026-04-03,16:09:55,-07:00,2026-04-03T16:09:55-07:00,3,0
style.css,23,css,750d6a1b,nithyanair1234,2026-04-08,21:47:58,-07:00,2026-04-08T21:47:58-07:00,2,15
style.css,24,css,750d6a1b,nithyanair1234,2026-04-08,21:47:58,-07:00,2026-04-08T21:47:58-07:00,2,18
style.css,25,css,750d6a1b,nithyanair1234,2026-04-08,21:47:58,-07:00,2026-04-08T21:47:58-07:00,2,23
style.css,26,css,750d6a1b,nithyanair1234,2026-04-08,21:47:58,-07:00,2026-04-08T21:47:58-07:00,0,0
style.css,27,css,750d6a1b,nithyanair1234,2026-04-08,21:47:58,-07:00,2026-04-08T21:47:58-07:00,2,18
style.css,28,css,750d6a1b,nithyanair1234,2026-04-08,21:47:58,-07:00,2026-04-08T21:47:58-07:00,2,0
style.css,29,css,b7519ae8,nithyanair1234,2026-04-03,16:09:55,-07:00,2026-04-03T16:09:55-07:00,1,0
style.css,30,css,b7519ae8,nithyanair1234,2026-04-03,16:09:55,-07:00,2026-04-03T16:09:55-07:00,0,0
style.css,31,css,750d6a1b,nithyanair1234,2026-04-08,21:47:58,-07:00,2026-04-08T21:47:58-07:00,0,3
style.css,32,css,750d6a1b,nithyanair1234,2026-04-08,21:47:58,-07:00,2026-04-08T21:47:58-07:00,2,15
style.css,33,css,750d6a1b,nithyanair1234,2026-04-08,21:47:58,-07:00,2026-04-08T21:47:58-07:00,2,10
style.css,34,css,750d6a1b,nithyanair1234,2026-04-08,21:47:58,-07:00,2026-04-08T21:47:58-07:00,2,11
style.css,35,css,750d6a1b,nithyanair1234,2026-04-08,21:47:58,-07:00,2026-04-08T21:47:58-07:00,2,13
style.css,36,css,750d6a1b,nithyanair1234,2026-04-08,21:47:58,-07:00,2026-04-08T21:47:58-07:00,2,14
style.css,37,css,750d6a1b,nithyanair1234,2026-04-08,21:47:58,-07:00,2026-04-08T21:47:58-07:00,0,0
style.css,38,css,750d6a1b,nithyanair1234,2026-04-08,21:47:58,-07:00,2026-04-08T21:47:58-07:00,1,0
style.css,39,css,750d6a1b,nithyanair1234,2026-04-08,21:47:58,-07:00,2026-04-08T21:47:58-07:00,0,0
style.css,40,css,72c006d0,nithyanair1234,2026-04-09,15:05:25,-07:00,2026-04-09T15:05:25-07:00,0,18
style.css,41,css,750d6a1b,nithyanair1234,2026-04-08,21:47:58,-07:00,2026-04-08T21:47:58-07:00,1,3
style.css,42,css,750d6a1b,nithyanair1234,2026-04-08,21:47:58,-07:00,2026-04-08T21:47:58-07:00,2,12
style.css,43,css,750d6a1b,nithyanair1234,2026-04-08,21:47:58,-07:00,2026-04-08T21:47:58-07:00,2,23
style.css,44,css,750d6a1b,nithyanair1234,2026-04-08,21:47:58,-07:00,2026-04-08T21:47:58-07:00,2,25
style.css,45,css,3ded4aaa,nithyanair1234,2026-04-16,13:07:23,-07:00,2026-04-16T13:07:23-07:00,2,39
style.css,46,css,3ded4aaa,nithyanair1234,2026-04-16,13:07:23,-07:00,2026-04-16T13:07:23-07:00,2,39
style.css,47,css,750d6a1b,nithyanair1234,2026-04-08,21:47:58,-07:00,2026-04-08T21:47:58-07:00,2,19
style.css,48,css,750d6a1b,nithyanair1234,2026-04-08,21:47:58,-07:00,2026-04-08T21:47:58-07:00,1,0
style.css,49,css,750d6a1b,nithyanair1234,2026-04-08,21:47:58,-07:00,2026-04-08T21:47:58-07:00,0,0
style.css,50,css,750d6a1b,nithyanair1234,2026-04-08,21:47:58,-07:00,2026-04-08T21:47:58-07:00,1,5
style.css,51,css,750d6a1b,nithyanair1234,2026-04-08,21:47:58,-07:00,2026-04-08T21:47:58-07:00,1,6
style.css,52,css,750d6a1b,nithyanair1234,2026-04-08,21:47:58,-07:00,2026-04-08T21:47:58-07:00,2,16
style.css,53,css,750d6a1b,nithyanair1234,2026-04-08,21:47:58,-07:00,2026-04-08T21:47:58-07:00,1,0
style.css,54,css,750d6a1b,nithyanair1234,2026-04-08,21:47:58,-07:00,2026-04-08T21:47:58-07:00,0,0
style.css,55,css,750d6a1b,nithyanair1234,2026-04-08,21:47:58,-07:00,2026-04-08T21:47:58-07:00,1,5
style.css,56,css,750d6a1b,nithyanair1234,2026-04-08,21:47:58,-07:00,2026-04-08T21:47:58-07:00,2,6
style.css,57,css,750d6a1b,nithyanair1234,2026-04-08,21:47:58,-07:00,2026-04-08T21:47:58-07:00,2,20
style.css,58,css,750d6a1b,nithyanair1234,2026-04-08,21:47:58,-07:00,2026-04-08T21:47:58-07:00,2,13
style.css,59,css,750d6a1b,nithyanair1234,2026-04-08,21:47:58,-07:00,2026-04-08T21:47:58-07:00,2,17
style.css,60,css,750d6a1b,nithyanair1234,2026-04-08,21:47:58,-07:00,2026-04-08T21:47:58-07:00,2,13
style.css,61,css,750d6a1b,nithyanair1234,2026-04-08,21:47:58,-07:00,2026-04-08T21:47:58-07:00,2,16
style.css,62,css,750d6a1b,nithyanair1234,2026-04-08,21:47:58,-07:00,2026-04-08T21:47:58-07:00,1,0
style.css,63,css,750d6a1b,nithyanair1234,2026-04-08,21:47:58,-07:00,2026-04-08T21:47:58-07:00,0,0
style.css,64,css,750d6a1b,nithyanair1234,2026-04-08,21:47:58,-07:00,2026-04-08T21:47:58-07:00,1,13
style.css,65,css,750d6a1b,nithyanair1234,2026-04-08,21:47:58,-07:00,2026-04-08T21:47:58-07:00,2,43
style.css,66,css,750d6a1b,nithyanair1234,2026-04-08,21:47:58,-07:00,2026-04-08T21:47:58-07:00,2,20
style.css,67,css,3ded4aaa,nithyanair1234,2026-04-16,13:07:23,-07:00,2026-04-16T13:07:23-07:00,1,0
style.css,68,css,750d6a1b,nithyanair1234,2026-04-08,21:47:58,-07:00,2026-04-08T21:47:58-07:00,0,0
style.css,69,css,750d6a1b,nithyanair1234,2026-04-08,21:47:58,-07:00,2026-04-08T21:47:58-07:00,0,11
style.css,70,css,750d6a1b,nithyanair1234,2026-04-08,21:47:58,-07:00,2026-04-08T21:47:58-07:00,2,45
style.css,71,css,750d6a1b,nithyanair1234,2026-04-08,21:47:58,-07:00,2026-04-08T21:47:58-07:00,2,20
style.css,72,css,3ded4aaa,nithyanair1234,2026-04-16,13:07:23,-07:00,2026-04-16T13:07:23-07:00,2,16
style.css,73,css,3ded4aaa,nithyanair1234,2026-04-16,13:07:23,-07:00,2026-04-16T13:07:23-07:00,2,69
style.css,74,css,3ded4aaa,nithyanair1234,2026-04-16,13:07:23,-07:00,2026-04-16T13:07:23-07:00,0,0
style.css,75,css,750d6a1b,nithyanair1234,2026-04-08,21:47:58,-07:00,2026-04-08T21:47:58-07:00,0,0
style.css,76,css,72c006d0,nithyanair1234,2026-04-09,15:05:25,-07:00,2026-04-09T15:05:25-07:00,0,28
style.css,77,css,72c006d0,nithyanair1234,2026-04-09,15:05:25,-07:00,2026-04-09T15:05:25-07:00,0,0
style.css,78,css,69a2dd25,nithyanair1234,2026-04-09,12:54:09,-07:00,2026-04-09T12:54:09-07:00,0,4
style.css,79,css,69a2dd25,nithyanair1234,2026-04-09,12:54:09,-07:00,2026-04-09T12:54:09-07:00,1,12
style.css,80,css,69a2dd25,nithyanair1234,2026-04-09,12:54:09,-07:00,2026-04-09T12:54:09-07:00,1,30
style.css,81,css,69a2dd25,nithyanair1234,2026-04-09,12:54:09,-07:00,2026-04-09T12:54:09-07:00,1,7
style.css,82,css,69a2dd25,nithyanair1234,2026-04-09,12:54:09,-07:00,2026-04-09T12:54:09-07:00,0,0
style.css,83,css,69a2dd25,nithyanair1234,2026-04-09,12:54:09,-07:00,2026-04-09T12:54:09-07:00,0,0
style.css,84,css,69a2dd25,nithyanair1234,2026-04-09,12:54:09,-07:00,2026-04-09T12:54:09-07:00,0,5
style.css,85,css,69a2dd25,nithyanair1234,2026-04-09,12:54:09,-07:00,2026-04-09T12:54:09-07:00,1,12
style.css,86,css,69a2dd25,nithyanair1234,2026-04-09,12:54:09,-07:00,2026-04-09T12:54:09-07:00,1,29
style.css,87,css,69a2dd25,nithyanair1234,2026-04-09,12:54:09,-07:00,2026-04-09T12:54:09-07:00,1,16
style.css,88,css,69a2dd25,nithyanair1234,2026-04-09,12:54:09,-07:00,2026-04-09T12:54:09-07:00,0,0
style.css,89,css,69a2dd25,nithyanair1234,2026-04-09,12:54:09,-07:00,2026-04-09T12:54:09-07:00,0,0
style.css,90,css,69a2dd25,nithyanair1234,2026-04-09,12:54:09,-07:00,2026-04-09T12:54:09-07:00,0,6
style.css,91,css,69a2dd25,nithyanair1234,2026-04-09,12:54:09,-07:00,2026-04-09T12:54:09-07:00,1,16
style.css,92,css,69a2dd25,nithyanair1234,2026-04-09,12:54:09,-07:00,2026-04-09T12:54:09-07:00,1,13
style.css,93,css,69a2dd25,nithyanair1234,2026-04-09,12:54:09,-07:00,2026-04-09T12:54:09-07:00,1,13
style.css,94,css,69a2dd25,nithyanair1234,2026-04-09,12:54:09,-07:00,2026-04-09T12:54:09-07:00,1,17
style.css,95,css,69a2dd25,nithyanair1234,2026-04-09,12:54:09,-07:00,2026-04-09T12:54:09-07:00,0,0
style.css,96,css,69a2dd25,nithyanair1234,2026-04-09,12:54:09,-07:00,2026-04-09T12:54:09-07:00,0,0
style.css,97,css,72c006d0,nithyanair1234,2026-04-09,15:05:25,-07:00,2026-04-09T15:05:25-07:00,0,0
style.css,98,css,72c006d0,nithyanair1234,2026-04-09,15:05:25,-07:00,2026-04-09T15:05:25-07:00,0,0
style.css,99,css,72c006d0,nithyanair1234,2026-04-09,15:05:25,-07:00,2026-04-09T15:05:25-07:00,0,29
style.css,100,css,69a2dd25,nithyanair1234,2026-04-09,12:54:09,-07:00,2026-04-09T12:54:09-07:00,0,9
style.css,101,css,69a2dd25,nithyanair1234,2026-04-09,12:54:09,-07:00,2026-04-09T12:54:09-07:00,1,12
style.css,102,css,69a2dd25,nithyanair1234,2026-04-09,12:54:09,-07:00,2026-04-09T12:54:09-07:00,1,58
style.css,103,css,69a2dd25,nithyanair1234,2026-04-09,12:54:09,-07:00,2026-04-09T12:54:09-07:00,1,7
style.css,104,css,f7e5d2b5,nithyanair1234,2026-04-24,15:40:29,-07:00,2026-04-24T15:40:29-07:00,1,50
style.css,105,css,f7e5d2b5,nithyanair1234,2026-04-24,15:40:29,-07:00,2026-04-24T15:40:29-07:00,1,34
style.css,106,css,69a2dd25,nithyanair1234,2026-04-09,12:54:09,-07:00,2026-04-09T12:54:09-07:00,0,0
style.css,107,css,69a2dd25,nithyanair1234,2026-04-09,12:54:09,-07:00,2026-04-09T12:54:09-07:00,0,0
style.css,108,css,69a2dd25,nithyanair1234,2026-04-09,12:54:09,-07:00,2026-04-09T12:54:09-07:00,0,17
style.css,109,css,69a2dd25,nithyanair1234,2026-04-09,12:54:09,-07:00,2026-04-09T12:54:09-07:00,1,12
style.css,110,css,69a2dd25,nithyanair1234,2026-04-09,12:54:09,-07:00,2026-04-09T12:54:09-07:00,1,26
style.css,111,css,f7e5d2b5,nithyanair1234,2026-04-24,15:40:29,-07:00,2026-04-24T15:40:29-07:00,1,43
style.css,112,css,69a2dd25,nithyanair1234,2026-04-09,12:54:09,-07:00,2026-04-09T12:54:09-07:00,1,9
style.css,113,css,69a2dd25,nithyanair1234,2026-04-09,12:54:09,-07:00,2026-04-09T12:54:09-07:00,0,0
style.css,114,css,69a2dd25,nithyanair1234,2026-04-09,12:54:09,-07:00,2026-04-09T12:54:09-07:00,0,0
style.css,115,css,69a2dd25,nithyanair1234,2026-04-09,12:54:09,-07:00,2026-04-09T12:54:09-07:00,0,12
style.css,116,css,69a2dd25,nithyanair1234,2026-04-09,12:54:09,-07:00,2026-04-09T12:54:09-07:00,1,8
style.css,117,css,69a2dd25,nithyanair1234,2026-04-09,12:54:09,-07:00,2026-04-09T12:54:09-07:00,0,0
style.css,118,css,69a2dd25,nithyanair1234,2026-04-09,12:54:09,-07:00,2026-04-09T12:54:09-07:00,0,0
style.css,119,css,45b2c1b3,nithyanair1234,2026-04-24,16:52:45,-07:00,2026-04-24T16:52:45-07:00,0,39
style.css,120,css,45b2c1b3,nithyanair1234,2026-04-24,16:52:45,-07:00,2026-04-24T16:52:45-07:00,0,21
style.css,121,css,45b2c1b3,nithyanair1234,2026-04-24,16:52:45,-07:00,2026-04-24T16:52:45-07:00,1,10
style.css,122,css,45b2c1b3,nithyanair1234,2026-04-24,16:52:45,-07:00,2026-04-24T16:52:45-07:00,1,60
style.css,123,css,45b2c1b3,nithyanair1234,2026-04-24,16:52:45,-07:00,2026-04-24T16:52:45-07:00,1,61
style.css,124,css,45b2c1b3,nithyanair1234,2026-04-24,16:52:45,-07:00,2026-04-24T16:52:45-07:00,1,13
style.css,125,css,45b2c1b3,nithyanair1234,2026-04-24,16:52:45,-07:00,2026-04-24T16:52:45-07:00,1,14
style.css,126,css,45b2c1b3,nithyanair1234,2026-04-24,16:52:45,-07:00,2026-04-24T16:52:45-07:00,1,64
style.css,127,css,45b2c1b3,nithyanair1234,2026-04-24,16:52:45,-07:00,2026-04-24T16:52:45-07:00,0,0
style.css,128,css,72c006d0,nithyanair1234,2026-04-09,15:05:25,-07:00,2026-04-09T15:05:25-07:00,0,0
style.css,129,css,3da991f4,nithyanair1234,2026-04-30,20:38:43,-07:00,2026-04-30T20:38:43-07:00,0,28
style.css,130,css,3da991f4,nithyanair1234,2026-04-30,20:38:43,-07:00,2026-04-30T20:38:43-07:00,0,10
style.css,131,css,3da991f4,nithyanair1234,2026-04-30,20:38:43,-07:00,2026-04-30T20:38:43-07:00,1,12
style.css,132,css,3da991f4,nithyanair1234,2026-04-30,20:38:43,-07:00,2026-04-30T20:38:43-07:00,1,18
style.css,133,css,3da991f4,nithyanair1234,2026-04-30,20:38:43,-07:00,2026-04-30T20:38:43-07:00,1,7
style.css,134,css,3da991f4,nithyanair1234,2026-04-30,20:38:43,-07:00,2026-04-30T20:38:43-07:00,1,14
style.css,135,css,3da991f4,nithyanair1234,2026-04-30,20:38:43,-07:00,2026-04-30T20:38:43-07:00,0,0
style.css,136,css,3da991f4,nithyanair1234,2026-04-30,20:38:43,-07:00,2026-04-30T20:38:43-07:00,0,0
style.css,137,css,3da991f4,nithyanair1234,2026-04-30,20:38:43,-07:00,2026-04-30T20:38:43-07:00,0,18
style.css,138,css,3da991f4,nithyanair1234,2026-04-30,20:38:43,-07:00,2026-04-30T20:38:43-07:00,1,12
style.css,139,css,3da991f4,nithyanair1234,2026-04-30,20:38:43,-07:00,2026-04-30T20:38:43-07:00,1,14
style.css,140,css,3da991f4,nithyanair1234,2026-04-30,20:38:43,-07:00,2026-04-30T20:38:43-07:00,1,11
style.css,141,css,3da991f4,nithyanair1234,2026-04-30,20:38:43,-07:00,2026-04-30T20:38:43-07:00,0,0
style.css,142,css,3da991f4,nithyanair1234,2026-04-30,20:38:43,-07:00,2026-04-30T20:38:43-07:00,0,0
style.css,143,css,3da991f4,nithyanair1234,2026-04-30,20:38:43,-07:00,2026-04-30T20:38:43-07:00,0,17
style.css,144,css,3da991f4,nithyanair1234,2026-04-30,20:38:43,-07:00,2026-04-30T20:38:43-07:00,0,7
style.css,145,css,3da991f4,nithyanair1234,2026-04-30,20:38:43,-07:00,2026-04-30T20:38:43-07:00,1,12
style.css,146,css,3da991f4,nithyanair1234,2026-04-30,20:38:43,-07:00,2026-04-30T20:38:43-07:00,1,57
style.css,147,css,3da991f4,nithyanair1234,2026-04-30,20:38:43,-07:00,2026-04-30T20:38:43-07:00,1,7
style.css,148,css,3da991f4,nithyanair1234,2026-04-30,20:38:43,-07:00,2026-04-30T20:38:43-07:00,1,6
style.css,149,css,3da991f4,nithyanair1234,2026-04-30,20:38:43,-07:00,2026-04-30T20:38:43-07:00,1,15
style.css,150,css,3da991f4,nithyanair1234,2026-04-30,20:38:43,-07:00,2026-04-30T20:38:43-07:00,1,11
style.css,151,css,3da991f4,nithyanair1234,2026-04-30,20:38:43,-07:00,2026-04-30T20:38:43-07:00,1,21
style.css,152,css,3da991f4,nithyanair1234,2026-04-30,20:38:43,-07:00,2026-04-30T20:38:43-07:00,1,17
style.css,153,css,3da991f4,nithyanair1234,2026-04-30,20:38:43,-07:00,2026-04-30T20:38:43-07:00,0,0
style.css,154,css,3da991f4,nithyanair1234,2026-04-30,20:38:43,-07:00,2026-04-30T20:38:43-07:00,0,0
style.css,155,css,3da991f4,nithyanair1234,2026-04-30,20:38:43,-07:00,2026-04-30T20:38:43-07:00,0,25
style.css,156,css,3da991f4,nithyanair1234,2026-04-30,20:38:43,-07:00,2026-04-30T20:38:43-07:00,0,12
style.css,157,css,3da991f4,nithyanair1234,2026-04-30,20:38:43,-07:00,2026-04-30T20:38:43-07:00,1,12
style.css,158,css,3da991f4,nithyanair1234,2026-04-30,20:38:43,-07:00,2026-04-30T20:38:43-07:00,1,18
style.css,159,css,3da991f4,nithyanair1234,2026-04-30,20:38:43,-07:00,2026-04-30T20:38:43-07:00,1,9
style.css,160,css,3da991f4,nithyanair1234,2026-04-30,20:38:43,-07:00,2026-04-30T20:38:43-07:00,0,0
style.css,161,css,3da991f4,nithyanair1234,2026-04-30,20:38:43,-07:00,2026-04-30T20:38:43-07:00,0,0
style.css,162,css,3da991f4,nithyanair1234,2026-04-30,20:38:43,-07:00,2026-04-30T20:38:43-07:00,0,20
style.css,163,css,3da991f4,nithyanair1234,2026-04-30,20:38:43,-07:00,2026-04-30T20:38:43-07:00,0,7
style.css,164,css,3da991f4,nithyanair1234,2026-04-30,20:38:43,-07:00,2026-04-30T20:38:43-07:00,1,20
style.css,165,css,3da991f4,nithyanair1234,2026-04-30,20:38:43,-07:00,2026-04-30T20:38:43-07:00,1,9
style.css,166,css,3da991f4,nithyanair1234,2026-04-30,20:38:43,-07:00,2026-04-30T20:38:43-07:00,1,18
style.css,167,css,3da991f4,nithyanair1234,2026-04-30,20:38:43,-07:00,2026-04-30T20:38:43-07:00,1,29
style.css,168,css,3da991f4,nithyanair1234,2026-04-30,20:38:43,-07:00,2026-04-30T20:38:43-07:00,1,17
style.css,169,css,3da991f4,nithyanair1234,2026-04-30,20:38:43,-07:00,2026-04-30T20:38:43-07:00,0,0
style.css,170,css,3da991f4,nithyanair1234,2026-04-30,20:38:43,-07:00,2026-04-30T20:38:43-07:00,0,0
style.css,171,css,3da991f4,nithyanair1234,2026-04-30,20:38:43,-07:00,2026-04-30T20:38:43-07:00,0,15
style.css,172,css,3da991f4,nithyanair1234,2026-04-30,20:38:43,-07:00,2026-04-30T20:38:43-07:00,0,15
style.css,173,css,3da991f4,nithyanair1234,2026-04-30,20:38:43,-07:00,2026-04-30T20:38:43-07:00,1,10
style.css,174,css,3da991f4,nithyanair1234,2026-04-30,20:38:43,-07:00,2026-04-30T20:38:43-07:00,1,17
style.css,175,css,3da991f4,nithyanair1234,2026-04-30,20:38:43,-07:00,2026-04-30T20:38:43-07:00,1,33
style.css,176,css,3da991f4,nithyanair1234,2026-04-30,20:38:43,-07:00,2026-04-30T20:38:43-07:00,0,0
style.css,177,css,3da991f4,nithyanair1234,2026-04-30,20:38:43,-07:00,2026-04-30T20:38:43-07:00,0,0
style.css,178,css,58d9d1ac,nithyanair1234,2026-04-30,22:33:46,-07:00,2026-04-30T22:33:46-07:00,0,10
style.css,179,css,58d9d1ac,nithyanair1234,2026-04-30,22:33:46,-07:00,2026-04-30T22:33:46-07:00,1,10
style.css,180,css,58d9d1ac,nithyanair1234,2026-04-30,22:33:46,-07:00,2026-04-30T22:33:46-07:00,1,13
style.css,181,css,58d9d1ac,nithyanair1234,2026-04-30,22:33:46,-07:00,2026-04-30T22:33:46-07:00,1,16
style.css,182,css,58d9d1ac,nithyanair1234,2026-04-30,22:33:46,-07:00,2026-04-30T22:33:46-07:00,1,21
style.css,183,css,58d9d1ac,nithyanair1234,2026-04-30,22:33:46,-07:00,2026-04-30T22:33:46-07:00,1,17
style.css,184,css,58d9d1ac,nithyanair1234,2026-04-30,22:33:46,-07:00,2026-04-30T22:33:46-07:00,1,12
style.css,185,css,58d9d1ac,nithyanair1234,2026-04-30,22:33:46,-07:00,2026-04-30T22:33:46-07:00,0,0
style.css,186,css,58d9d1ac,nithyanair1234,2026-04-30,22:33:46,-07:00,2026-04-30T22:33:46-07:00,0,0
style.css,187,css,58d9d1ac,nithyanair1234,2026-04-30,22:33:46,-07:00,2026-04-30T22:33:46-07:00,0,17
style.css,188,css,58d9d1ac,nithyanair1234,2026-04-30,22:33:46,-07:00,2026-04-30T22:33:46-07:00,1,16
style.css,189,css,58d9d1ac,nithyanair1234,2026-04-30,22:33:46,-07:00,2026-04-30T22:33:46-07:00,3,11
style.css,190,css,58d9d1ac,nithyanair1234,2026-04-30,22:33:46,-07:00,2026-04-30T22:33:46-07:00,1,0
style.css,191,css,58d9d1ac,nithyanair1234,2026-04-30,22:33:46,-07:00,2026-04-30T22:33:46-07:00,0,0
style.css,192,css,58d9d1ac,nithyanair1234,2026-04-30,22:33:46,-07:00,2026-04-30T22:33:46-07:00,0,0
style.css,193,css,58d9d1ac,nithyanair1234,2026-04-30,22:33:46,-07:00,2026-04-30T22:33:46-07:00,0,4
style.css,194,css,58d9d1ac,nithyanair1234,2026-04-30,22:33:46,-07:00,2026-04-30T22:33:46-07:00,1,14
style.css,195,css,58d9d1ac,nithyanair1234,2026-04-30,22:33:46,-07:00,2026-04-30T22:33:46-07:00,1,36
style.css,196,css,58d9d1ac,nithyanair1234,2026-04-30,22:33:46,-07:00,2026-04-30T22:33:46-07:00,0,0
style.css,197,css,58d9d1ac,nithyanair1234,2026-04-30,22:33:46,-07:00,2026-04-30T22:33:46-07:00,0,0
style.css,198,css,58d9d1ac,nithyanair1234,2026-04-30,22:33:46,-07:00,2026-04-30T22:33:46-07:00,0,9
style.css,199,css,58d9d1ac,nithyanair1234,2026-04-30,22:33:46,-07:00,2026-04-30T22:33:46-07:00,1,35
style.css,200,css,58d9d1ac,nithyanair1234,2026-04-30,22:33:46,-07:00,2026-04-30T22:33:46-07:00,0,0
style.css,201,css,58d9d1ac,nithyanair1234,2026-04-30,22:33:46,-07:00,2026-04-30T22:33:46-07:00,1,10
style.css,202,css,58d9d1ac,nithyanair1234,2026-04-30,22:33:46,-07:00,2026-04-30T22:33:46-07:00,3,16
style.css,203,css,58d9d1ac,nithyanair1234,2026-04-30,22:33:46,-07:00,2026-04-30T22:33:46-07:00,1,0
style.css,204,css,58d9d1ac,nithyanair1234,2026-04-30,22:33:46,-07:00,2026-04-30T22:33:46-07:00,0,0
style.css,205,css,72c006d0,nithyanair1234,2026-04-09,15:05:25,-07:00,2026-04-09T15:05:25-07:00,0,0
style.css,206,css,72c006d0,nithyanair1234,2026-04-09,15:05:25,-07:00,2026-04-09T15:05:25-07:00,0,27
style.css,207,css,72c006d0,nithyanair1234,2026-04-09,15:05:25,-07:00,2026-04-09T15:05:25-07:00,0,0
style.css,208,css,72c006d0,nithyanair1234,2026-04-09,15:05:25,-07:00,2026-04-09T15:05:25-07:00,0,25
style.css,209,css,72c006d0,nithyanair1234,2026-04-09,15:05:25,-07:00,2026-04-09T15:05:25-07:00,0,23
style.css,210,css,72c006d0,nithyanair1234,2026-04-09,15:05:25,-07:00,2026-04-09T15:05:25-07:00,1,15
style.css,211,css,69a2dd25,nithyanair1234,2026-04-09,12:54:09,-07:00,2026-04-09T12:54:09-07:00,0,0
style.css,212,css,69a2dd25,nithyanair1234,2026-04-09,12:54:09,-07:00,2026-04-09T12:54:09-07:00,0,0
style.css,213,css,72c006d0,nithyanair1234,2026-04-09,15:05:25,-07:00,2026-04-09T15:05:25-07:00,0,19
style.css,214,css,72c006d0,nithyanair1234,2026-04-09,15:05:25,-07:00,2026-04-09T15:05:25-07:00,1,20
style.css,215,css,72c006d0,nithyanair1234,2026-04-09,15:05:25,-07:00,2026-04-09T15:05:25-07:00,1,30
style.css,216,css,72c006d0,nithyanair1234,2026-04-09,15:05:25,-07:00,2026-04-09T15:05:25-07:00,1,11
style.css,217,css,72c006d0,nithyanair1234,2026-04-09,15:05:25,-07:00,2026-04-09T15:05:25-07:00,1,19
style.css,218,css,72c006d0,nithyanair1234,2026-04-09,15:05:25,-07:00,2026-04-09T15:05:25-07:00,1,20
style.css,219,css,72c006d0,nithyanair1234,2026-04-09,15:05:25,-07:00,2026-04-09T15:05:25-07:00,1,15
style.css,220,css,72c006d0,nithyanair1234,2026-04-09,15:05:25,-07:00,2026-04-09T15:05:25-07:00,1,16
style.css,221,css,72c006d0,nithyanair1234,2026-04-09,15:05:25,-07:00,2026-04-09T15:05:25-07:00,1,14
style.css,222,css,72c006d0,nithyanair1234,2026-04-09,15:05:25,-07:00,2026-04-09T15:05:25-07:00,1,17
style.css,223,css,72c006d0,nithyanair1234,2026-04-09,15:05:25,-07:00,2026-04-09T15:05:25-07:00,0,0
style.css,224,css,72c006d0,nithyanair1234,2026-04-09,15:05:25,-07:00,2026-04-09T15:05:25-07:00,0,0
style.css,225,css,72c006d0,nithyanair1234,2026-04-09,15:05:25,-07:00,2026-04-09T15:05:25-07:00,0,0
style.css,226,css,72c006d0,nithyanair1234,2026-04-09,15:05:25,-07:00,2026-04-09T15:05:25-07:00,0,7
style.css,227,css,72c006d0,nithyanair1234,2026-04-09,15:05:25,-07:00,2026-04-09T15:05:25-07:00,1,17
style.css,228,css,72c006d0,nithyanair1234,2026-04-09,15:05:25,-07:00,2026-04-09T15:05:25-07:00,1,36
style.css,229,css,72c006d0,nithyanair1234,2026-04-09,15:05:25,-07:00,2026-04-09T15:05:25-07:00,1,15
style.css,230,css,72c006d0,nithyanair1234,2026-04-09,15:05:25,-07:00,2026-04-09T15:05:25-07:00,1,15
style.css,231,css,72c006d0,nithyanair1234,2026-04-09,15:05:25,-07:00,2026-04-09T15:05:25-07:00,0,0
style.css,232,css,72c006d0,nithyanair1234,2026-04-09,15:05:25,-07:00,2026-04-09T15:05:25-07:00,0,0
style.css,233,css,72c006d0,nithyanair1234,2026-04-09,15:05:25,-07:00,2026-04-09T15:05:25-07:00,0,10
style.css,234,css,72c006d0,nithyanair1234,2026-04-09,15:05:25,-07:00,2026-04-09T15:05:25-07:00,1,25
style.css,235,css,72c006d0,nithyanair1234,2026-04-09,15:05:25,-07:00,2026-04-09T15:05:25-07:00,1,24
style.css,236,css,72c006d0,nithyanair1234,2026-04-09,15:05:25,-07:00,2026-04-09T15:05:25-07:00,1,21
style.css,237,css,72c006d0,nithyanair1234,2026-04-09,15:05:25,-07:00,2026-04-09T15:05:25-07:00,0,0
style.css,238,css,72c006d0,nithyanair1234,2026-04-09,15:05:25,-07:00,2026-04-09T15:05:25-07:00,0,0
style.css,239,css,72c006d0,nithyanair1234,2026-04-09,15:05:25,-07:00,2026-04-09T15:05:25-07:00,0,15
style.css,240,css,72c006d0,nithyanair1234,2026-04-09,15:05:25,-07:00,2026-04-09T15:05:25-07:00,1,19
style.css,241,css,72c006d0,nithyanair1234,2026-04-09,15:05:25,-07:00,2026-04-09T15:05:25-07:00,0,0
style.css,242,css,72c006d0,nithyanair1234,2026-04-09,15:05:25,-07:00,2026-04-09T15:05:25-07:00,0,0
style.css,243,css,72c006d0,nithyanair1234,2026-04-09,15:05:25,-07:00,2026-04-09T15:05:25-07:00,0,28
style.css,244,css,72c006d0,nithyanair1234,2026-04-09,15:05:25,-07:00,2026-04-09T15:05:25-07:00,1,15
style.css,245,css,72c006d0,nithyanair1234,2026-04-09,15:05:25,-07:00,2026-04-09T15:05:25-07:00,0,0
style.css,246,css,72c006d0,nithyanair1234,2026-04-09,15:05:25,-07:00,2026-04-09T15:05:25-07:00,0,0
style.css,247,css,72c006d0,nithyanair1234,2026-04-09,15:05:25,-07:00,2026-04-09T15:05:25-07:00,0,9
style.css,248,css,72c006d0,nithyanair1234,2026-04-09,15:05:25,-07:00,2026-04-09T15:05:25-07:00,0,10
style.css,249,css,72c006d0,nithyanair1234,2026-04-09,15:05:25,-07:00,2026-04-09T15:05:25-07:00,1,17
style.css,250,css,72c006d0,nithyanair1234,2026-04-09,15:05:25,-07:00,2026-04-09T15:05:25-07:00,1,22
style.css,251,css,72c006d0,nithyanair1234,2026-04-09,15:05:25,-07:00,2026-04-09T15:05:25-07:00,0,0
style.css,252,css,72c006d0,nithyanair1234,2026-04-09,15:05:25,-07:00,2026-04-09T15:05:25-07:00,0,0
style.css,253,css,72c006d0,nithyanair1234,2026-04-09,15:05:25,-07:00,2026-04-09T15:05:25-07:00,0,17
style.css,254,css,72c006d0,nithyanair1234,2026-04-09,15:05:25,-07:00,2026-04-09T15:05:25-07:00,0,18
style.css,255,css,72c006d0,nithyanair1234,2026-04-09,15:05:25,-07:00,2026-04-09T15:05:25-07:00,1,13
style.css,256,css,72c006d0,nithyanair1234,2026-04-09,15:05:25,-07:00,2026-04-09T15:05:25-07:00,1,15
style.css,257,css,72c006d0,nithyanair1234,2026-04-09,15:05:25,-07:00,2026-04-09T15:05:25-07:00,0,0
style.css,258,css,72c006d0,nithyanair1234,2026-04-09,15:05:25,-07:00,2026-04-09T15:05:25-07:00,0,0
style.css,259,css,72c006d0,nithyanair1234,2026-04-09,15:05:25,-07:00,2026-04-09T15:05:25-07:00,0,10
style.css,260,css,72c006d0,nithyanair1234,2026-04-09,15:05:25,-07:00,2026-04-09T15:05:25-07:00,1,65
style.css,261,css,72c006d0,nithyanair1234,2026-04-09,15:05:25,-07:00,2026-04-09T15:05:25-07:00,0,0
style.css,262,css,72c006d0,nithyanair1234,2026-04-09,15:05:25,-07:00,2026-04-09T15:05:25-07:00,0,0
style.css,263,css,72c006d0,nithyanair1234,2026-04-09,15:05:25,-07:00,2026-04-09T15:05:25-07:00,0,8
style.css,264,css,72c006d0,nithyanair1234,2026-04-09,15:05:25,-07:00,2026-04-09T15:05:25-07:00,0,12
style.css,265,css,72c006d0,nithyanair1234,2026-04-09,15:05:25,-07:00,2026-04-09T15:05:25-07:00,1,17
style.css,266,css,72c006d0,nithyanair1234,2026-04-09,15:05:25,-07:00,2026-04-09T15:05:25-07:00,1,17
style.css,267,css,72c006d0,nithyanair1234,2026-04-09,15:05:25,-07:00,2026-04-09T15:05:25-07:00,0,0
style.css,268,css,72c006d0,nithyanair1234,2026-04-09,15:05:25,-07:00,2026-04-09T15:05:25-07:00,0,0
style.css,269,css,72c006d0,nithyanair1234,2026-04-09,15:05:25,-07:00,2026-04-09T15:05:25-07:00,0,9
style.css,270,css,72c006d0,nithyanair1234,2026-04-09,15:05:25,-07:00,2026-04-09T15:05:25-07:00,1,10
style.css,271,css,72c006d0,nithyanair1234,2026-04-09,15:05:25,-07:00,2026-04-09T15:05:25-07:00,0,0
style.css,272,css,72c006d0,nithyanair1234,2026-04-09,15:05:25,-07:00,2026-04-09T15:05:25-07:00,0,0
style.css,273,css,72c006d0,nithyanair1234,2026-04-09,15:05:25,-07:00,2026-04-09T15:05:25-07:00,0,11
style.css,274,css,72c006d0,nithyanair1234,2026-04-09,15:05:25,-07:00,2026-04-09T15:05:25-07:00,1,17
style.css,275,css,72c006d0,nithyanair1234,2026-04-09,15:05:25,-07:00,2026-04-09T15:05:25-07:00,1,20
style.css,276,css,72c006d0,nithyanair1234,2026-04-09,15:05:25,-07:00,2026-04-09T15:05:25-07:00,0,0
style.css,277,css,72c006d0,nithyanair1234,2026-04-09,15:05:25,-07:00,2026-04-09T15:05:25-07:00,0,0
style.css,278,css,72c006d0,nithyanair1234,2026-04-09,15:05:25,-07:00,2026-04-09T15:05:25-07:00,0,11
style.css,279,css,72c006d0,nithyanair1234,2026-04-09,15:05:25,-07:00,2026-04-09T15:05:25-07:00,1,14
style.css,280,css,72c006d0,nithyanair1234,2026-04-09,15:05:25,-07:00,2026-04-09T15:05:25-07:00,1,10
style.css,281,css,72c006d0,nithyanair1234,2026-04-09,15:05:25,-07:00,2026-04-09T15:05:25-07:00,0,0
style.css,282,css,72c006d0,nithyanair1234,2026-04-09,15:05:25,-07:00,2026-04-09T15:05:25-07:00,0,0
style.css,283,css,72c006d0,nithyanair1234,2026-04-09,15:05:25,-07:00,2026-04-09T15:05:25-07:00,0,13
style.css,284,css,72c006d0,nithyanair1234,2026-04-09,15:05:25,-07:00,2026-04-09T15:05:25-07:00,1,20
style.css,285,css,3ded4aaa,nithyanair1234,2026-04-16,13:07:23,-07:00,2026-04-16T13:07:23-07:00,0,0
style.css,286,css,3ded4aaa,nithyanair1234,2026-04-16,13:07:23,-07:00,2026-04-16T13:07:23-07:00,0,0
style.css,287,css,3ded4aaa,nithyanair1234,2026-04-16,13:07:23,-07:00,2026-04-16T13:07:23-07:00,0,13
style.css,288,css,3ded4aaa,nithyanair1234,2026-04-16,13:07:23,-07:00,2026-04-16T13:07:23-07:00,1,17
style.css,289,css,3ded4aaa,nithyanair1234,2026-04-16,13:07:23,-07:00,2026-04-16T13:07:23-07:00,1,8
style.css,290,css,3ded4aaa,nithyanair1234,2026-04-16,13:07:23,-07:00,2026-04-16T13:07:23-07:00,1,10
style.css,291,css,3ded4aaa,nithyanair1234,2026-04-16,13:07:23,-07:00,2026-04-16T13:07:23-07:00,1,16
style.css,292,css,3ded4aaa,nithyanair1234,2026-04-16,13:07:23,-07:00,2026-04-16T13:07:23-07:00,1,19
style.css,293,css,3ded4aaa,nithyanair1234,2026-04-16,13:07:23,-07:00,2026-04-16T13:07:23-07:00,0,0
style.css,294,css,3ded4aaa,nithyanair1234,2026-04-16,13:07:23,-07:00,2026-04-16T13:07:23-07:00,0,0
style.css,295,css,3ded4aaa,nithyanair1234,2026-04-16,13:07:23,-07:00,2026-04-16T13:07:23-07:00,0,20
style.css,296,css,3ded4aaa,nithyanair1234,2026-04-16,13:07:23,-07:00,2026-04-16T13:07:23-07:00,1,12
style.css,297,css,3ded4aaa,nithyanair1234,2026-04-16,13:07:23,-07:00,2026-04-16T13:07:23-07:00,1,17
style.css,298,css,bf86172b,nithyanair1234,2026-04-24,16:13:55,-07:00,2026-04-24T16:13:55-07:00,0,0
style.css,299,css,bf86172b,nithyanair1234,2026-04-24,16:13:55,-07:00,2026-04-24T16:13:55-07:00,0,0
style.css,300,css,bf86172b,nithyanair1234,2026-04-24,16:13:55,-07:00,2026-04-24T16:13:55-07:00,0,0
style.css,301,css,bf86172b,nithyanair1234,2026-04-24,16:13:55,-07:00,2026-04-24T16:13:55-07:00,0,26
style.css,302,css,bf86172b,nithyanair1234,2026-04-24,16:13:55,-07:00,2026-04-24T16:13:55-07:00,0,50
style.css,303,css,bf86172b,nithyanair1234,2026-04-24,16:13:55,-07:00,2026-04-24T16:13:55-07:00,0,17
style.css,304,css,bf86172b,nithyanair1234,2026-04-24,16:13:55,-07:00,2026-04-24T16:13:55-07:00,1,12
style.css,305,css,bf86172b,nithyanair1234,2026-04-24,16:13:55,-07:00,2026-04-24T16:13:55-07:00,1,36
style.css,306,css,bf86172b,nithyanair1234,2026-04-24,16:13:55,-07:00,2026-04-24T16:13:55-07:00,1,17
style.css,307,css,bf86172b,nithyanair1234,2026-04-24,16:13:55,-07:00,2026-04-24T16:13:55-07:00,1,68
style.css,308,css,bf86172b,nithyanair1234,2026-04-24,16:13:55,-07:00,2026-04-24T16:13:55-07:00,1,14
style.css,309,css,bf86172b,nithyanair1234,2026-04-24,16:13:55,-07:00,2026-04-24T16:13:55-07:00,1,17
style.css,310,css,bf86172b,nithyanair1234,2026-04-24,16:13:55,-07:00,2026-04-24T16:13:55-07:00,1,8
style.css,311,css,bf86172b,nithyanair1234,2026-04-24,16:13:55,-07:00,2026-04-24T16:13:55-07:00,0,0
style.css,312,css,bf86172b,nithyanair1234,2026-04-24,16:13:55,-07:00,2026-04-24T16:13:55-07:00,0,0
style.css,313,css,bf86172b,nithyanair1234,2026-04-24,16:13:55,-07:00,2026-04-24T16:13:55-07:00,0,17
style.css,314,css,bf86172b,nithyanair1234,2026-04-24,16:13:55,-07:00,2026-04-24T16:13:55-07:00,1,30
style.css,315,css,bf86172b,nithyanair1234,2026-04-24,16:13:55,-07:00,2026-04-24T16:13:55-07:00,1,24
style.css,316,css,bf86172b,nithyanair1234,2026-04-24,16:13:55,-07:00,2026-04-24T16:13:55-07:00,1,17
style.css,317,css,bf86172b,nithyanair1234,2026-04-24,16:13:55,-07:00,2026-04-24T16:13:55-07:00,1,21
style.css,318,css,bf86172b,nithyanair1234,2026-04-24,16:13:55,-07:00,2026-04-24T16:13:55-07:00,1,10
style.css,319,css,bf86172b,nithyanair1234,2026-04-24,16:13:55,-07:00,2026-04-24T16:13:55-07:00,0,0
style.css,320,css,bf86172b,nithyanair1234,2026-04-24,16:13:55,-07:00,2026-04-24T16:13:55-07:00,0,0
style.css,321,css,bf86172b,nithyanair1234,2026-04-24,16:13:55,-07:00,2026-04-24T16:13:55-07:00,0,17
style.css,322,css,bf86172b,nithyanair1234,2026-04-24,16:13:55,-07:00,2026-04-24T16:13:55-07:00,1,33
style.css,323,css,bf86172b,nithyanair1234,2026-04-24,16:13:55,-07:00,2026-04-24T16:13:55-07:00,1,8
style.css,324,css,bf86172b,nithyanair1234,2026-04-24,16:13:55,-07:00,2026-04-24T16:13:55-07:00,1,14
style.css,325,css,bf86172b,nithyanair1234,2026-04-24,16:13:55,-07:00,2026-04-24T16:13:55-07:00,1,16
style.css,326,css,69a2dd25,nithyanair1234,2026-04-09,12:54:09,-07:00,2026-04-09T12:54:09-07:00,0,0
index.js,1,js,bf86172b,nithyanair1234,2026-04-24,16:13:55,-07:00,2026-04-24T16:13:55-07:00,0,71
index.js,2,js,bf86172b,nithyanair1234,2026-04-24,16:13:55,-07:00,2026-04-24T16:13:55-07:00,0,0
index.js,3,js,bf86172b,nithyanair1234,2026-04-24,16:13:55,-07:00,2026-04-24T16:13:55-07:00,0,0
index.js,4,js,bf86172b,nithyanair1234,2026-04-24,16:13:55,-07:00,2026-04-24T16:13:55-07:00,0,54
index.js,5,js,bf86172b,nithyanair1234,2026-04-24,16:13:55,-07:00,2026-04-24T16:13:55-07:00,0,0
index.js,6,js,bf86172b,nithyanair1234,2026-04-24,16:13:55,-07:00,2026-04-24T16:13:55-07:00,0,60
index.js,7,js,bf86172b,nithyanair1234,2026-04-24,16:13:55,-07:00,2026-04-24T16:13:55-07:00,0,0
index.js,8,js,bf86172b,nithyanair1234,2026-04-24,16:13:55,-07:00,2026-04-24T16:13:55-07:00,0,34
index.js,9,js,bf86172b,nithyanair1234,2026-04-24,16:13:55,-07:00,2026-04-24T16:13:55-07:00,2,42
index.js,10,js,bf86172b,nithyanair1234,2026-04-24,16:13:55,-07:00,2026-04-24T16:13:55-07:00,2,54
index.js,11,js,bf86172b,nithyanair1234,2026-04-24,16:13:55,-07:00,2026-04-24T16:13:55-07:00,0,0
index.js,12,js,bf86172b,nithyanair1234,2026-04-24,16:13:55,-07:00,2026-04-24T16:13:55-07:00,0,0
index.js,13,js,bf86172b,nithyanair1234,2026-04-24,16:13:55,-07:00,2026-04-24T16:13:55-07:00,0,57
index.js,14,js,bf86172b,nithyanair1234,2026-04-24,16:13:55,-07:00,2026-04-24T16:13:55-07:00,0,0
index.js,15,js,bf86172b,nithyanair1234,2026-04-24,16:13:55,-07:00,2026-04-24T16:13:55-07:00,0,60
index.js,16,js,bf86172b,nithyanair1234,2026-04-24,16:13:55,-07:00,2026-04-24T16:13:55-07:00,0,0
index.js,17,js,bf86172b,nithyanair1234,2026-04-24,16:13:55,-07:00,2026-04-24T16:13:55-07:00,0,17
index.js,18,js,bf86172b,nithyanair1234,2026-04-24,16:13:55,-07:00,2026-04-24T16:13:55-07:00,2,24
index.js,19,js,bf86172b,nithyanair1234,2026-04-24,16:13:55,-07:00,2026-04-24T16:13:55-07:00,5,2
index.js,20,js,bf86172b,nithyanair1234,2026-04-24,16:13:55,-07:00,2026-04-24T16:13:55-07:00,6,55
index.js,21,js,bf86172b,nithyanair1234,2026-04-24,16:13:55,-07:00,2026-04-24T16:13:55-07:00,6,55
index.js,22,js,bf86172b,nithyanair1234,2026-04-24,16:13:55,-07:00,2026-04-24T16:13:55-07:00,6,49
index.js,23,js,bf86172b,nithyanair1234,2026-04-24,16:13:55,-07:00,2026-04-24T16:13:55-07:00,6,49
index.js,24,js,bf86172b,nithyanair1234,2026-04-24,16:13:55,-07:00,2026-04-24T16:13:55-07:00,5,3
index.js,25,js,bf86172b,nithyanair1234,2026-04-24,16:13:55,-07:00,2026-04-24T16:13:55-07:00,3,0
index.js,26,js,bf86172b,nithyanair1234,2026-04-24,16:13:55,-07:00,2026-04-24T16:13:55-07:00,1,0
index.html,1,html,8061d396,nithyanair1234,2026-04-01,16:20:54,-07:00,2026-04-01T16:20:54-07:00,0,13
index.html,2,html,8061d396,nithyanair1234,2026-04-01,16:20:54,-07:00,2026-04-01T16:20:54-07:00,0,14
index.html,3,html,8061d396,nithyanair1234,2026-04-01,16:20:54,-07:00,2026-04-01T16:20:54-07:00,0,4
index.html,4,html,db6e8c4b,nithyanair1234,2026-04-01,17:01:06,-07:00,2026-04-01T17:01:06-07:00,2,38
index.html,5,html,6941cb3d,nithyanair1234,2026-04-15,21:43:26,-07:00,2026-04-15T21:43:26-07:00,2,45
index.html,6,html,bf86172b,nithyanair1234,2026-04-24,16:13:55,-07:00,2026-04-24T16:13:55-07:00,2,50
index.html,7,html,8061d396,nithyanair1234,2026-04-01,16:20:54,-07:00,2026-04-01T16:20:54-07:00,2,20
index.html,8,html,8061d396,nithyanair1234,2026-04-01,16:20:54,-07:00,2026-04-01T16:20:54-07:00,2,68
index.html,9,html,8061d396,nithyanair1234,2026-04-01,16:20:54,-07:00,2026-04-01T16:20:54-07:00,2,48
index.html,10,html,8061d396,nithyanair1234,2026-04-01,16:20:54,-07:00,2026-04-01T16:20:54-07:00,0,5
index.html,11,html,8061d396,nithyanair1234,2026-04-01,16:20:54,-07:00,2026-04-01T16:20:54-07:00,0,4
index.html,12,html,750d6a1b,nithyanair1234,2026-04-08,21:47:58,-07:00,2026-04-08T21:47:58-07:00,0,0
index.html,13,html,750d6a1b,nithyanair1234,2026-04-08,21:47:58,-07:00,2026-04-08T21:47:58-07:00,2,18
index.html,14,html,750d6a1b,nithyanair1234,2026-04-08,21:47:58,-07:00,2026-04-08T21:47:58-07:00,2,0
index.html,15,html,69a2dd25,nithyanair1234,2026-04-09,12:54:09,-07:00,2026-04-09T12:54:09-07:00,2,50
index.html,16,html,750d6a1b,nithyanair1234,2026-04-08,21:47:58,-07:00,2026-04-08T21:47:58-07:00,2,85
index.html,17,html,750d6a1b,nithyanair1234,2026-04-08,21:47:58,-07:00,2026-04-08T21:47:58-07:00,0,0
index.html,18,html,bf86172b,nithyanair1234,2026-04-24,16:13:55,-07:00,2026-04-24T16:13:55-07:00,2,22
index.html,19,html,bf86172b,nithyanair1234,2026-04-24,16:13:55,-07:00,2026-04-24T16:13:55-07:00,2,20
index.html,20,html,bf86172b,nithyanair1234,2026-04-24,16:13:55,-07:00,2026-04-24T16:13:55-07:00,4,49
index.html,21,html,bf86172b,nithyanair1234,2026-04-24,16:13:55,-07:00,2026-04-24T16:13:55-07:00,2,4
index.html,22,html,bf86172b,nithyanair1234,2026-04-24,16:13:55,-07:00,2026-04-24T16:13:55-07:00,0,0
index.html,23,html,bf86172b,nithyanair1234,2026-04-24,16:13:55,-07:00,2026-04-24T16:13:55-07:00,2,28
index.html,24,html,bf86172b,nithyanair1234,2026-04-24,16:13:55,-07:00,2026-04-24T16:13:55-07:00,0,0
index.html,25,html,8061d396,nithyanair1234,2026-04-01,16:20:54,-07:00,2026-04-01T16:20:54-07:00,2,0
index.html,26,html,8061d396,nithyanair1234,2026-04-01,16:20:54,-07:00,2026-04-01T16:20:54-07:00,0,5
index.html,27,html,8061d396,nithyanair1234,2026-04-01,16:20:54,-07:00,2026-04-01T16:20:54-07:00,0,5
global.js,1,js,6941cb3d,nithyanair1234,2026-04-15,21:43:26,-07:00,2026-04-15T21:43:26-07:00,0,25
global.js,2,js,6941cb3d,nithyanair1234,2026-04-15,21:43:26,-07:00,2026-04-15T21:43:26-07:00,0,0
global.js,3,js,6941cb3d,nithyanair1234,2026-04-15,21:43:26,-07:00,2026-04-15T21:43:26-07:00,0,41
global.js,4,js,6941cb3d,nithyanair1234,2026-04-15,21:43:26,-07:00,2026-04-15T21:43:26-07:00,1,52
global.js,5,js,6941cb3d,nithyanair1234,2026-04-15,21:43:26,-07:00,2026-04-15T21:43:26-07:00,0,0
global.js,6,js,6941cb3d,nithyanair1234,2026-04-15,21:43:26,-07:00,2026-04-15T21:43:26-07:00,0,0
global.js,7,js,6941cb3d,nithyanair1234,2026-04-15,21:43:26,-07:00,2026-04-15T21:43:26-07:00,0,0
global.js,8,js,e009df76,nithyanair1234,2026-04-15,22:05:18,-07:00,2026-04-15T22:05:18-07:00,0,11
global.js,9,js,454e2b54,nithyanair1234,2026-04-15,22:19:22,-07:00,2026-04-15T22:19:22-07:00,2,26
global.js,10,js,e009df76,nithyanair1234,2026-04-15,22:05:18,-07:00,2026-04-15T22:05:18-07:00,2,38
global.js,11,js,e009df76,nithyanair1234,2026-04-15,22:05:18,-07:00,2026-04-15T22:05:18-07:00,2,34
global.js,12,js,e009df76,nithyanair1234,2026-04-15,22:05:18,-07:00,2026-04-15T22:05:18-07:00,2,36
global.js,13,js,00000000,Not Committed Yet,2026-05-09,14:33:34,-07:00,2026-05-09T14:33:34-07:00,2,29
global.js,14,js,e009df76,nithyanair1234,2026-04-15,22:05:18,-07:00,2026-04-15T22:05:18-07:00,2,61
global.js,15,js,e009df76,nithyanair1234,2026-04-15,22:05:18,-07:00,2026-04-15T22:05:18-07:00,1,0
global.js,16,js,e009df76,nithyanair1234,2026-04-15,22:05:18,-07:00,2026-04-15T22:05:18-07:00,1,0
global.js,17,js,e009df76,nithyanair1234,2026-04-15,22:05:18,-07:00,2026-04-15T22:05:18-07:00,1,88
global.js,18,js,454e2b54,nithyanair1234,2026-04-15,22:19:22,-07:00,2026-04-15T22:19:22-07:00,2,3
global.js,19,js,3ded4aaa,nithyanair1234,2026-04-16,13:07:23,-07:00,2026-04-16T13:07:23-07:00,2,14
global.js,20,js,3ded4aaa,nithyanair1234,2026-04-16,13:07:23,-07:00,2026-04-16T13:07:23-07:00,1,0
global.js,21,js,e009df76,nithyanair1234,2026-04-15,22:05:18,-07:00,2026-04-15T22:05:18-07:00,1,0
global.js,22,js,e009df76,nithyanair1234,2026-04-15,22:05:18,-07:00,2026-04-15T22:05:18-07:00,1,38
global.js,23,js,e009df76,nithyanair1234,2026-04-15,22:05:18,-07:00,2026-04-15T22:05:18-07:00,1,25
global.js,24,js,e009df76,nithyanair1234,2026-04-15,22:05:18,-07:00,2026-04-15T22:05:18-07:00,1,0
global.js,25,js,3ded4aaa,nithyanair1234,2026-04-16,13:07:23,-07:00,2026-04-16T13:07:23-07:00,1,0
global.js,26,js,e009df76,nithyanair1234,2026-04-15,22:05:18,-07:00,2026-04-15T22:05:18-07:00,1,20
global.js,27,js,e009df76,nithyanair1234,2026-04-15,22:05:18,-07:00,2026-04-15T22:05:18-07:00,2,14
global.js,28,js,e009df76,nithyanair1234,2026-04-15,22:05:18,-07:00,2026-04-15T22:05:18-07:00,2,18
global.js,29,js,e009df76,nithyanair1234,2026-04-15,22:05:18,-07:00,2026-04-15T22:05:18-07:00,1,0
global.js,30,js,3ded4aaa,nithyanair1234,2026-04-16,13:07:23,-07:00,2026-04-16T13:07:23-07:00,2,0
global.js,31,js,e009df76,nithyanair1234,2026-04-15,22:05:18,-07:00,2026-04-15T22:05:18-07:00,2,52
global.js,32,js,e009df76,nithyanair1234,2026-04-15,22:05:18,-07:00,2026-04-15T22:05:18-07:00,1,0
global.js,33,js,e009df76,nithyanair1234,2026-04-15,22:05:18,-07:00,2026-04-15T22:05:18-07:00,2,34
global.js,34,js,e009df76,nithyanair1234,2026-04-15,22:05:18,-07:00,2026-04-15T22:05:18-07:00,2,11
global.js,35,js,e009df76,nithyanair1234,2026-04-15,22:05:18,-07:00,2026-04-15T22:05:18-07:00,2,20
global.js,36,js,e009df76,nithyanair1234,2026-04-15,22:05:18,-07:00,2026-04-15T22:05:18-07:00,1,0
global.js,37,js,3ded4aaa,nithyanair1234,2026-04-16,13:07:23,-07:00,2026-04-16T13:07:23-07:00,2,0
global.js,38,js,e009df76,nithyanair1234,2026-04-15,22:05:18,-07:00,2026-04-15T22:05:18-07:00,2,65
global.js,39,js,e009df76,nithyanair1234,2026-04-15,22:05:18,-07:00,2026-04-15T22:05:18-07:00,4,25
global.js,40,js,e009df76,nithyanair1234,2026-04-15,22:05:18,-07:00,2026-04-15T22:05:18-07:00,2,0
global.js,41,js,e009df76,nithyanair1234,2026-04-15,22:05:18,-07:00,2026-04-15T22:05:18-07:00,1,0
global.js,42,js,3ded4aaa,nithyanair1234,2026-04-16,13:07:23,-07:00,2026-04-16T13:07:23-07:00,1,0
global.js,43,js,e009df76,nithyanair1234,2026-04-15,22:05:18,-07:00,2026-04-15T22:05:18-07:00,2,29
global.js,44,js,e009df76,nithyanair1234,2026-04-15,22:05:18,-07:00,2026-04-15T22:05:18-07:00,3,18
global.js,45,js,e009df76,nithyanair1234,2026-04-15,22:05:18,-07:00,2026-04-15T22:05:18-07:00,2,0
global.js,46,js,e009df76,nithyanair1234,2026-04-15,22:05:18,-07:00,2026-04-15T22:05:18-07:00,1,0
global.js,47,js,e009df76,nithyanair1234,2026-04-15,22:05:18,-07:00,2026-04-15T22:05:18-07:00,2,12
global.js,48,js,3ded4aaa,nithyanair1234,2026-04-16,13:07:23,-07:00,2026-04-16T13:07:23-07:00,1,0
global.js,49,js,3ded4aaa,nithyanair1234,2026-04-16,13:07:23,-07:00,2026-04-16T13:07:23-07:00,0,0
global.js,50,js,3ded4aaa,nithyanair1234,2026-04-16,13:07:23,-07:00,2026-04-16T13:07:23-07:00,1,31
global.js,51,js,3ded4aaa,nithyanair1234,2026-04-16,13:07:23,-07:00,2026-04-16T13:07:23-07:00,2,11
global.js,52,js,3ded4aaa,nithyanair1234,2026-04-16,13:07:23,-07:00,2026-04-16T13:07:23-07:00,2,0
global.js,53,js,3ded4aaa,nithyanair1234,2026-04-16,13:07:23,-07:00,2026-04-16T13:07:23-07:00,2,26
global.js,54,js,3ded4aaa,nithyanair1234,2026-04-16,13:07:23,-07:00,2026-04-16T13:07:23-07:00,3,4
global.js,55,js,3ded4aaa,nithyanair1234,2026-04-16,13:07:23,-07:00,2026-04-16T13:07:23-07:00,3,6
global.js,56,js,3ded4aaa,nithyanair1234,2026-04-16,13:07:23,-07:00,2026-04-16T13:07:23-07:00,4,43
global.js,57,js,3ded4aaa,nithyanair1234,2026-04-16,13:07:23,-07:00,2026-04-16T13:07:23-07:00,4,34
global.js,58,js,3ded4aaa,nithyanair1234,2026-04-16,13:07:23,-07:00,2026-04-16T13:07:23-07:00,4,32
global.js,59,js,3ded4aaa,nithyanair1234,2026-04-16,13:07:23,-07:00,2026-04-16T13:07:23-07:00,3,7
global.js,60,js,3ded4aaa,nithyanair1234,2026-04-16,13:07:23,-07:00,2026-04-16T13:07:23-07:00,2,6
global.js,61,js,3ded4aaa,nithyanair1234,2026-04-16,13:07:23,-07:00,2026-04-16T13:07:23-07:00,2,0
global.js,62,js,3ded4aaa,nithyanair1234,2026-04-16,13:07:23,-07:00,2026-04-16T13:07:23-07:00,1,0
global.js,63,js,3ded4aaa,nithyanair1234,2026-04-16,13:07:23,-07:00,2026-04-16T13:07:23-07:00,0,0
global.js,64,js,3ded4aaa,nithyanair1234,2026-04-16,13:07:23,-07:00,2026-04-16T13:07:23-07:00,1,58
global.js,65,js,3ded4aaa,nithyanair1234,2026-04-16,13:07:23,-07:00,2026-04-16T13:07:23-07:00,0,0
global.js,66,js,3ded4aaa,nithyanair1234,2026-04-16,13:07:23,-07:00,2026-04-16T13:07:23-07:00,1,34
global.js,67,js,3ded4aaa,nithyanair1234,2026-04-16,13:07:23,-07:00,2026-04-16T13:07:23-07:00,2,41
global.js,68,js,3ded4aaa,nithyanair1234,2026-04-16,13:07:23,-07:00,2026-04-16T13:07:23-07:00,0,0
global.js,69,js,3ded4aaa,nithyanair1234,2026-04-16,13:07:23,-07:00,2026-04-16T13:07:23-07:00,2,70
global.js,70,js,3ded4aaa,nithyanair1234,2026-04-16,13:07:23,-07:00,2026-04-16T13:07:23-07:00,0,0
global.js,71,js,3ded4aaa,nithyanair1234,2026-04-16,13:07:23,-07:00,2026-04-16T13:07:23-07:00,2,25
global.js,72,js,3ded4aaa,nithyanair1234,2026-04-16,13:07:23,-07:00,2026-04-16T13:07:23-07:00,1,0
global.js,73,js,3ded4aaa,nithyanair1234,2026-04-16,13:07:23,-07:00,2026-04-16T13:07:23-07:00,0,0
global.js,74,js,3ded4aaa,nithyanair1234,2026-04-16,13:07:23,-07:00,2026-04-16T13:07:23-07:00,1,49
global.js,75,js,3ded4aaa,nithyanair1234,2026-04-16,13:07:23,-07:00,2026-04-16T13:07:23-07:00,2,57
global.js,76,js,3ded4aaa,nithyanair1234,2026-04-16,13:07:23,-07:00,2026-04-16T13:07:23-07:00,0,0
global.js,77,js,3ded4aaa,nithyanair1234,2026-04-16,13:07:23,-07:00,2026-04-16T13:07:23-07:00,2,77
global.js,78,js,3ded4aaa,nithyanair1234,2026-04-16,13:07:23,-07:00,2026-04-16T13:07:23-07:00,0,0
global.js,79,js,3ded4aaa,nithyanair1234,2026-04-16,13:07:23,-07:00,2026-04-16T13:07:23-07:00,2,44
global.js,80,js,3ded4aaa,nithyanair1234,2026-04-16,13:07:23,-07:00,2026-04-16T13:07:23-07:00,1,1
global.js,81,js,3ded4aaa,nithyanair1234,2026-04-16,13:07:23,-07:00,2026-04-16T13:07:23-07:00,0,0
global.js,82,js,d368f811,nithyanair1234,2026-04-24,14:41:21,-07:00,2026-04-24T14:41:21-07:00,1,36
global.js,83,js,d368f811,nithyanair1234,2026-04-24,14:41:21,-07:00,2026-04-24T14:41:21-07:00,2,3
global.js,84,js,d368f811,nithyanair1234,2026-04-24,14:41:21,-07:00,2026-04-24T14:41:21-07:00,3,39
global.js,85,js,d368f811,nithyanair1234,2026-04-24,14:41:21,-07:00,2026-04-24T14:41:21-07:00,3,32
global.js,86,js,d368f811,nithyanair1234,2026-04-24,14:41:21,-07:00,2026-04-24T14:41:21-07:00,3,19
global.js,87,js,d368f811,nithyanair1234,2026-04-24,14:41:21,-07:00,2026-04-24T14:41:21-07:00,3,17
global.js,88,js,d368f811,nithyanair1234,2026-04-24,14:41:21,-07:00,2026-04-24T14:41:21-07:00,4,66
global.js,89,js,d368f811,nithyanair1234,2026-04-24,14:41:21,-07:00,2026-04-24T14:41:21-07:00,3,0
global.js,90,js,d368f811,nithyanair1234,2026-04-24,14:41:21,-07:00,2026-04-24T14:41:21-07:00,3,33
global.js,91,js,d368f811,nithyanair1234,2026-04-24,14:41:21,-07:00,2026-04-24T14:41:21-07:00,3,10
global.js,92,js,d368f811,nithyanair1234,2026-04-24,14:41:21,-07:00,2026-04-24T14:41:21-07:00,2,15
global.js,93,js,d368f811,nithyanair1234,2026-04-24,14:41:21,-07:00,2026-04-24T14:41:21-07:00,3,59
global.js,94,js,d368f811,nithyanair1234,2026-04-24,14:41:21,-07:00,2026-04-24T14:41:21-07:00,2,0
global.js,95,js,f7e5d2b5,nithyanair1234,2026-04-24,15:40:29,-07:00,2026-04-24T15:40:29-07:00,1,0
global.js,96,js,f7e5d2b5,nithyanair1234,2026-04-24,15:40:29,-07:00,2026-04-24T15:40:29-07:00,0,0
global.js,97,js,f7e5d2b5,nithyanair1234,2026-04-24,15:40:29,-07:00,2026-04-24T15:40:29-07:00,1,79
global.js,98,js,f7e5d2b5,nithyanair1234,2026-04-24,15:40:29,-07:00,2026-04-24T15:40:29-07:00,2,30
global.js,99,js,f7e5d2b5,nithyanair1234,2026-04-24,15:40:29,-07:00,2026-04-24T15:40:29-07:00,1,0
global.js,100,js,f7e5d2b5,nithyanair1234,2026-04-24,15:40:29,-07:00,2026-04-24T15:40:29-07:00,2,29
global.js,101,js,f7e5d2b5,nithyanair1234,2026-04-24,15:40:29,-07:00,2026-04-24T15:40:29-07:00,3,48
global.js,102,js,f7e5d2b5,nithyanair1234,2026-04-24,15:40:29,-07:00,2026-04-24T15:40:29-07:00,1,0
global.js,103,js,f7e5d2b5,nithyanair1234,2026-04-24,15:40:29,-07:00,2026-04-24T15:40:29-07:00,3,19
global.js,104,js,f7e5d2b5,nithyanair1234,2026-04-24,15:40:29,-07:00,2026-04-24T15:40:29-07:00,5,49
global.js,105,js,45b2c1b3,nithyanair1234,2026-04-24,16:52:45,-07:00,2026-04-24T16:52:45-07:00,5,50
global.js,106,js,f7e5d2b5,nithyanair1234,2026-04-24,15:40:29,-07:00,2026-04-24T15:40:29-07:00,5,49
global.js,107,js,f7e5d2b5,nithyanair1234,2026-04-24,15:40:29,-07:00,2026-04-24T15:40:29-07:00,5,27
global.js,108,js,f7e5d2b5,nithyanair1234,2026-04-24,15:40:29,-07:00,2026-04-24T15:40:29-07:00,3,0
global.js,109,js,f7e5d2b5,nithyanair1234,2026-04-24,15:40:29,-07:00,2026-04-24T15:40:29-07:00,1,0
global.js,110,js,f7e5d2b5,nithyanair1234,2026-04-24,15:40:29,-07:00,2026-04-24T15:40:29-07:00,3,36
global.js,111,js,f7e5d2b5,nithyanair1234,2026-04-24,15:40:29,-07:00,2026-04-24T15:40:29-07:00,2,0
global.js,112,js,f7e5d2b5,nithyanair1234,2026-04-24,15:40:29,-07:00,2026-04-24T15:40:29-07:00,1,0
global.js,113,js,bf86172b,nithyanair1234,2026-04-24,16:13:55,-07:00,2026-04-24T16:13:55-07:00,0,0
global.js,114,js,bf86172b,nithyanair1234,2026-04-24,16:13:55,-07:00,2026-04-24T16:13:55-07:00,1,47
global.js,115,js,bf86172b,nithyanair1234,2026-04-24,16:13:55,-07:00,2026-04-24T16:13:55-07:00,2,59
global.js,116,js,bf86172b,nithyanair1234,2026-04-24,16:13:55,-07:00,2026-04-24T16:13:55-07:00,1,0
resume/index.html,1,html,4cf79652,nithyanair1234,2026-04-03,14:21:00,-07:00,2026-04-03T14:21:00-07:00,0,13
resume/index.html,2,html,4cf79652,nithyanair1234,2026-04-03,14:21:00,-07:00,2026-04-03T14:21:00-07:00,0,14
resume/index.html,3,html,4cf79652,nithyanair1234,2026-04-03,14:21:00,-07:00,2026-04-03T14:21:00-07:00,0,4
resume/index.html,4,html,9d5daf80,nithyanair1234,2026-04-09,12:12:58,-07:00,2026-04-09T12:12:58-07:00,2,41
resume/index.html,5,html,6941cb3d,nithyanair1234,2026-04-15,21:43:26,-07:00,2026-04-15T21:43:26-07:00,2,48
resume/index.html,6,html,4cf79652,nithyanair1234,2026-04-03,14:21:00,-07:00,2026-04-03T14:21:00-07:00,2,20
resume/index.html,7,html,4cf79652,nithyanair1234,2026-04-03,14:21:00,-07:00,2026-04-03T14:21:00-07:00,2,68
resume/index.html,8,html,4cf79652,nithyanair1234,2026-04-03,14:21:00,-07:00,2026-04-03T14:21:00-07:00,2,48
resume/index.html,9,html,4cf79652,nithyanair1234,2026-04-03,14:21:00,-07:00,2026-04-03T14:21:00-07:00,0,5
resume/index.html,10,html,4cf79652,nithyanair1234,2026-04-03,14:21:00,-07:00,2026-04-03T14:21:00-07:00,0,4
resume/index.html,11,html,69a2dd25,nithyanair1234,2026-04-09,12:54:09,-07:00,2026-04-09T12:54:09-07:00,0,0
resume/index.html,12,html,5801ab80,nithyanair1234,2026-04-09,12:17:14,-07:00,2026-04-09T12:17:14-07:00,2,13
resume/index.html,13,html,ad236f35,nithyanair1234,2026-04-03,15:57:53,-07:00,2026-04-03T15:57:53-07:00,0,0
resume/index.html,14,html,ad236f35,nithyanair1234,2026-04-03,15:57:53,-07:00,2026-04-03T15:57:53-07:00,2,18
resume/index.html,15,html,ad236f35,nithyanair1234,2026-04-03,15:57:53,-07:00,2026-04-03T15:57:53-07:00,2,72
resume/index.html,16,html,ad236f35,nithyanair1234,2026-04-03,15:57:53,-07:00,2026-04-03T15:57:53-07:00,0,0
resume/index.html,17,html,72c006d0,nithyanair1234,2026-04-09,15:05:25,-07:00,2026-04-09T15:05:25-07:00,2,25
resume/index.html,18,html,ad236f35,nithyanair1234,2026-04-03,15:57:53,-07:00,2026-04-03T15:57:53-07:00,4,16
resume/index.html,19,html,ad236f35,nithyanair1234,2026-04-03,15:57:53,-07:00,2026-04-03T15:57:53-07:00,4,42
resume/index.html,20,html,ad236f35,nithyanair1234,2026-04-03,15:57:53,-07:00,2026-04-03T15:57:53-07:00,4,18
resume/index.html,21,html,ad236f35,nithyanair1234,2026-04-03,15:57:53,-07:00,2026-04-03T15:57:53-07:00,4,87
resume/index.html,22,html,ad236f35,nithyanair1234,2026-04-03,15:57:53,-07:00,2026-04-03T15:57:53-07:00,4,2
resume/index.html,23,html,ad236f35,nithyanair1234,2026-04-03,15:57:53,-07:00,2026-04-03T15:57:53-07:00,6,27
resume/index.html,24,html,ad236f35,nithyanair1234,2026-04-03,15:57:53,-07:00,2026-04-03T15:57:53-07:00,6,99
resume/index.html,25,html,ad236f35,nithyanair1234,2026-04-03,15:57:53,-07:00,2026-04-03T15:57:53-07:00,4,3
resume/index.html,26,html,ad236f35,nithyanair1234,2026-04-03,15:57:53,-07:00,2026-04-03T15:57:53-07:00,2,8
resume/index.html,27,html,ad236f35,nithyanair1234,2026-04-03,15:57:53,-07:00,2026-04-03T15:57:53-07:00,0,0
resume/index.html,28,html,ad236f35,nithyanair1234,2026-04-03,15:57:53,-07:00,2026-04-03T15:57:53-07:00,0,0
resume/index.html,29,html,ad236f35,nithyanair1234,2026-04-03,15:57:53,-07:00,2026-04-03T15:57:53-07:00,2,7
resume/index.html,30,html,ad236f35,nithyanair1234,2026-04-03,15:57:53,-07:00,2026-04-03T15:57:53-07:00,4,15
resume/index.html,31,html,72c006d0,nithyanair1234,2026-04-09,15:05:25,-07:00,2026-04-09T15:05:25-07:00,4,29
resume/index.html,32,html,ad236f35,nithyanair1234,2026-04-03,15:57:53,-07:00,2026-04-03T15:57:53-07:00,6,25
resume/index.html,33,html,ad236f35,nithyanair1234,2026-04-03,15:57:53,-07:00,2026-04-03T15:57:53-07:00,6,43
resume/index.html,34,html,ad236f35,nithyanair1234,2026-04-03,15:57:53,-07:00,2026-04-03T15:57:53-07:00,6,2
resume/index.html,35,html,ad236f35,nithyanair1234,2026-04-03,15:57:53,-07:00,2026-04-03T15:57:53-07:00,8,117
resume/index.html,36,html,ad236f35,nithyanair1234,2026-04-03,15:57:53,-07:00,2026-04-03T15:57:53-07:00,8,101
resume/index.html,37,html,ad236f35,nithyanair1234,2026-04-03,15:57:53,-07:00,2026-04-03T15:57:53-07:00,8,101
resume/index.html,38,html,ad236f35,nithyanair1234,2026-04-03,15:57:53,-07:00,2026-04-03T15:57:53-07:00,6,3
resume/index.html,39,html,ad236f35,nithyanair1234,2026-04-03,15:57:53,-07:00,2026-04-03T15:57:53-07:00,4,8
resume/index.html,40,html,ad236f35,nithyanair1234,2026-04-03,15:57:53,-07:00,2026-04-03T15:57:53-07:00,0,0
resume/index.html,41,html,72c006d0,nithyanair1234,2026-04-09,15:05:25,-07:00,2026-04-09T15:05:25-07:00,4,29
resume/index.html,42,html,ad236f35,nithyanair1234,2026-04-03,15:57:53,-07:00,2026-04-03T15:57:53-07:00,6,13
resume/index.html,43,html,72c006d0,nithyanair1234,2026-04-09,15:05:25,-07:00,2026-04-09T15:05:25-07:00,6,85
resume/index.html,44,html,ad236f35,nithyanair1234,2026-04-03,15:57:53,-07:00,2026-04-03T15:57:53-07:00,6,2
resume/index.html,45,html,ad236f35,nithyanair1234,2026-04-03,15:57:53,-07:00,2026-04-03T15:57:53-07:00,8,91
resume/index.html,46,html,ad236f35,nithyanair1234,2026-04-03,15:57:53,-07:00,2026-04-03T15:57:53-07:00,8,71
resume/index.html,47,html,ad236f35,nithyanair1234,2026-04-03,15:57:53,-07:00,2026-04-03T15:57:53-07:00,8,90
resume/index.html,48,html,ad236f35,nithyanair1234,2026-04-03,15:57:53,-07:00,2026-04-03T15:57:53-07:00,6,3
resume/index.html,49,html,ad236f35,nithyanair1234,2026-04-03,15:57:53,-07:00,2026-04-03T15:57:53-07:00,0,0
resume/index.html,50,html,ad236f35,nithyanair1234,2026-04-03,15:57:53,-07:00,2026-04-03T15:57:53-07:00,4,8
resume/index.html,51,html,ad236f35,nithyanair1234,2026-04-03,15:57:53,-07:00,2026-04-03T15:57:53-07:00,0,0
resume/index.html,52,html,72c006d0,nithyanair1234,2026-04-09,15:05:25,-07:00,2026-04-09T15:05:25-07:00,4,29
resume/index.html,53,html,ad236f35,nithyanair1234,2026-04-03,15:57:53,-07:00,2026-04-03T15:57:53-07:00,6,26
resume/index.html,54,html,ad236f35,nithyanair1234,2026-04-03,15:57:53,-07:00,2026-04-03T15:57:53-07:00,6,39
resume/index.html,55,html,ad236f35,nithyanair1234,2026-04-03,15:57:53,-07:00,2026-04-03T15:57:53-07:00,6,2
resume/index.html,56,html,ad236f35,nithyanair1234,2026-04-03,15:57:53,-07:00,2026-04-03T15:57:53-07:00,8,93
resume/index.html,57,html,ad236f35,nithyanair1234,2026-04-03,15:57:53,-07:00,2026-04-03T15:57:53-07:00,8,95
resume/index.html,58,html,ad236f35,nithyanair1234,2026-04-03,15:57:53,-07:00,2026-04-03T15:57:53-07:00,6,3
resume/index.html,59,html,ad236f35,nithyanair1234,2026-04-03,15:57:53,-07:00,2026-04-03T15:57:53-07:00,0,0
resume/index.html,60,html,ad236f35,nithyanair1234,2026-04-03,15:57:53,-07:00,2026-04-03T15:57:53-07:00,4,8
resume/index.html,61,html,ad236f35,nithyanair1234,2026-04-03,15:57:53,-07:00,2026-04-03T15:57:53-07:00,2,8
resume/index.html,62,html,ad236f35,nithyanair1234,2026-04-03,15:57:53,-07:00,2026-04-03T15:57:53-07:00,0,0
resume/index.html,63,html,ad236f35,nithyanair1234,2026-04-03,15:57:53,-07:00,2026-04-03T15:57:53-07:00,0,0
resume/index.html,64,html,ad236f35,nithyanair1234,2026-04-03,15:57:53,-07:00,2026-04-03T15:57:53-07:00,2,7
resume/index.html,65,html,ad236f35,nithyanair1234,2026-04-03,15:57:53,-07:00,2026-04-03T15:57:53-07:00,4,17
resume/index.html,66,html,72c006d0,nithyanair1234,2026-04-09,15:05:25,-07:00,2026-04-09T15:05:25-07:00,4,29
resume/index.html,67,html,ad236f35,nithyanair1234,2026-04-03,15:57:53,-07:00,2026-04-03T15:57:53-07:00,6,18
resume/index.html,68,html,ad236f35,nithyanair1234,2026-04-03,15:57:53,-07:00,2026-04-03T15:57:53-07:00,6,9
resume/index.html,69,html,ad236f35,nithyanair1234,2026-04-03,15:57:53,-07:00,2026-04-03T15:57:53-07:00,6,59
resume/index.html,70,html,ad236f35,nithyanair1234,2026-04-03,15:57:53,-07:00,2026-04-03T15:57:53-07:00,6,2
resume/index.html,71,html,ad236f35,nithyanair1234,2026-04-03,15:57:53,-07:00,2026-04-03T15:57:53-07:00,8,98
resume/index.html,72,html,ad236f35,nithyanair1234,2026-04-03,15:57:53,-07:00,2026-04-03T15:57:53-07:00,8,101
resume/index.html,73,html,ad236f35,nithyanair1234,2026-04-03,15:57:53,-07:00,2026-04-03T15:57:53-07:00,6,3
resume/index.html,74,html,ad236f35,nithyanair1234,2026-04-03,15:57:53,-07:00,2026-04-03T15:57:53-07:00,4,8
resume/index.html,75,html,ad236f35,nithyanair1234,2026-04-03,15:57:53,-07:00,2026-04-03T15:57:53-07:00,0,0
resume/index.html,76,html,72c006d0,nithyanair1234,2026-04-09,15:05:25,-07:00,2026-04-09T15:05:25-07:00,4,29
resume/index.html,77,html,ad236f35,nithyanair1234,2026-04-03,15:57:53,-07:00,2026-04-03T15:57:53-07:00,6,17
resume/index.html,78,html,ad236f35,nithyanair1234,2026-04-03,15:57:53,-07:00,2026-04-03T15:57:53-07:00,6,17
resume/index.html,79,html,ad236f35,nithyanair1234,2026-04-03,15:57:53,-07:00,2026-04-03T15:57:53-07:00,6,92
resume/index.html,80,html,ad236f35,nithyanair1234,2026-04-03,15:57:53,-07:00,2026-04-03T15:57:53-07:00,6,2
resume/index.html,81,html,ad236f35,nithyanair1234,2026-04-03,15:57:53,-07:00,2026-04-03T15:57:53-07:00,8,83
resume/index.html,82,html,ad236f35,nithyanair1234,2026-04-03,15:57:53,-07:00,2026-04-03T15:57:53-07:00,8,119
resume/index.html,83,html,ad236f35,nithyanair1234,2026-04-03,15:57:53,-07:00,2026-04-03T15:57:53-07:00,8,75
resume/index.html,84,html,ad236f35,nithyanair1234,2026-04-03,15:57:53,-07:00,2026-04-03T15:57:53-07:00,6,3
resume/index.html,85,html,ad236f35,nithyanair1234,2026-04-03,15:57:53,-07:00,2026-04-03T15:57:53-07:00,4,8
resume/index.html,86,html,ad236f35,nithyanair1234,2026-04-03,15:57:53,-07:00,2026-04-03T15:57:53-07:00,2,8
resume/index.html,87,html,ad236f35,nithyanair1234,2026-04-03,15:57:53,-07:00,2026-04-03T15:57:53-07:00,2,0
resume/index.html,88,html,ad236f35,nithyanair1234,2026-04-03,15:57:53,-07:00,2026-04-03T15:57:53-07:00,0,0
resume/index.html,89,html,ad236f35,nithyanair1234,2026-04-03,15:57:53,-07:00,2026-04-03T15:57:53-07:00,2,7
resume/index.html,90,html,ad236f35,nithyanair1234,2026-04-03,15:57:53,-07:00,2026-04-03T15:57:53-07:00,4,13
resume/index.html,91,html,ad236f35,nithyanair1234,2026-04-03,15:57:53,-07:00,2026-04-03T15:57:53-07:00,4,2
resume/index.html,92,html,ad236f35,nithyanair1234,2026-04-03,15:57:53,-07:00,2026-04-03T15:57:53-07:00,6,104
resume/index.html,93,html,ad236f35,nithyanair1234,2026-04-03,15:57:53,-07:00,2026-04-03T15:57:53-07:00,6,74
resume/index.html,94,html,ad236f35,nithyanair1234,2026-04-03,15:57:53,-07:00,2026-04-03T15:57:53-07:00,6,119
resume/index.html,95,html,ad236f35,nithyanair1234,2026-04-03,15:57:53,-07:00,2026-04-03T15:57:53-07:00,4,3
resume/index.html,96,html,ad236f35,nithyanair1234,2026-04-03,15:57:53,-07:00,2026-04-03T15:57:53-07:00,2,8
resume/index.html,97,html,4cf79652,nithyanair1234,2026-04-03,14:21:00,-07:00,2026-04-03T14:21:00-07:00,2,0
resume/index.html,98,html,4cf79652,nithyanair1234,2026-04-03,14:21:00,-07:00,2026-04-03T14:21:00-07:00,0,5
resume/index.html,99,html,4cf79652,nithyanair1234,2026-04-03,14:21:00,-07:00,2026-04-03T14:21:00-07:00,0,5
projects/projects.js,1,js,f7e5d2b5,nithyanair1234,2026-04-24,15:40:29,-07:00,2026-04-24T15:40:29-07:00,0,55
projects/projects.js,2,js,3da991f4,nithyanair1234,2026-04-30,20:38:43,-07:00,2026-04-30T20:38:43-07:00,0,63
projects/projects.js,3,js,f7e5d2b5,nithyanair1234,2026-04-24,15:40:29,-07:00,2026-04-24T15:40:29-07:00,0,0
projects/projects.js,4,js,f7e5d2b5,nithyanair1234,2026-04-24,15:40:29,-07:00,2026-04-24T15:40:29-07:00,0,55
projects/projects.js,5,js,f7e5d2b5,nithyanair1234,2026-04-24,15:40:29,-07:00,2026-04-24T15:40:29-07:00,0,60
projects/projects.js,6,js,f7e5d2b5,nithyanair1234,2026-04-24,15:40:29,-07:00,2026-04-24T15:40:29-07:00,0,61
projects/projects.js,7,js,f7e5d2b5,nithyanair1234,2026-04-24,15:40:29,-07:00,2026-04-24T15:40:29-07:00,0,0
projects/projects.js,8,js,f7e5d2b5,nithyanair1234,2026-04-24,15:40:29,-07:00,2026-04-24T15:40:29-07:00,0,29
projects/projects.js,9,js,f7e5d2b5,nithyanair1234,2026-04-24,15:40:29,-07:00,2026-04-24T15:40:29-07:00,2,55
projects/projects.js,10,js,f7e5d2b5,nithyanair1234,2026-04-24,15:40:29,-07:00,2026-04-24T15:40:29-07:00,0,0
projects/projects.js,11,js,f7e5d2b5,nithyanair1234,2026-04-24,15:40:29,-07:00,2026-04-24T15:40:29-07:00,0,0
projects/projects.js,12,js,58d9d1ac,nithyanair1234,2026-04-30,22:33:46,-07:00,2026-04-30T22:33:46-07:00,0,22
projects/projects.js,13,js,58d9d1ac,nithyanair1234,2026-04-30,22:33:46,-07:00,2026-04-30T22:33:46-07:00,0,13
projects/projects.js,14,js,3da991f4,nithyanair1234,2026-04-30,20:38:43,-07:00,2026-04-30T20:38:43-07:00,0,57
projects/projects.js,15,js,3da991f4,nithyanair1234,2026-04-30,20:38:43,-07:00,2026-04-30T20:38:43-07:00,0,0
projects/projects.js,16,js,58d9d1ac,nithyanair1234,2026-04-30,22:33:46,-07:00,2026-04-30T22:33:46-07:00,0,25
projects/projects.js,17,js,58d9d1ac,nithyanair1234,2026-04-30,22:33:46,-07:00,2026-04-30T22:33:46-07:00,2,35
projects/projects.js,18,js,58d9d1ac,nithyanair1234,2026-04-30,22:33:46,-07:00,2026-04-30T22:33:46-07:00,4,59
projects/projects.js,19,js,58d9d1ac,nithyanair1234,2026-04-30,22:33:46,-07:00,2026-04-30T22:33:46-07:00,4,54
projects/projects.js,20,js,58d9d1ac,nithyanair1234,2026-04-30,22:33:46,-07:00,2026-04-30T22:33:46-07:00,0,0
projects/projects.js,21,js,58d9d1ac,nithyanair1234,2026-04-30,22:33:46,-07:00,2026-04-30T22:33:46-07:00,4,68
projects/projects.js,22,js,58d9d1ac,nithyanair1234,2026-04-30,22:33:46,-07:00,2026-04-30T22:33:46-07:00,0,0
projects/projects.js,23,js,58d9d1ac,nithyanair1234,2026-04-30,22:33:46,-07:00,2026-04-30T22:33:46-07:00,4,33
projects/projects.js,24,js,58d9d1ac,nithyanair1234,2026-04-30,22:33:46,-07:00,2026-04-30T22:33:46-07:00,2,1
projects/projects.js,25,js,58d9d1ac,nithyanair1234,2026-04-30,22:33:46,-07:00,2026-04-30T22:33:46-07:00,0,0
projects/projects.js,26,js,58d9d1ac,nithyanair1234,2026-04-30,22:33:46,-07:00,2026-04-30T22:33:46-07:00,0,0
projects/projects.js,27,js,58d9d1ac,nithyanair1234,2026-04-30,22:33:46,-07:00,2026-04-30T22:33:46-07:00,0,25
projects/projects.js,28,js,58d9d1ac,nithyanair1234,2026-04-30,22:33:46,-07:00,2026-04-30T22:33:46-07:00,2,49
projects/projects.js,29,js,58d9d1ac,nithyanair1234,2026-04-30,22:33:46,-07:00,2026-04-30T22:33:46-07:00,4,59
projects/projects.js,30,js,58d9d1ac,nithyanair1234,2026-04-30,22:33:46,-07:00,2026-04-30T22:33:46-07:00,4,42
projects/projects.js,31,js,58d9d1ac,nithyanair1234,2026-04-30,22:33:46,-07:00,2026-04-30T22:33:46-07:00,2,1
projects/projects.js,32,js,58d9d1ac,nithyanair1234,2026-04-30,22:33:46,-07:00,2026-04-30T22:33:46-07:00,0,0
projects/projects.js,33,js,58d9d1ac,nithyanair1234,2026-04-30,22:33:46,-07:00,2026-04-30T22:33:46-07:00,2,29
projects/projects.js,34,js,58d9d1ac,nithyanair1234,2026-04-30,22:33:46,-07:00,2026-04-30T22:33:46-07:00,4,13
projects/projects.js,35,js,58d9d1ac,nithyanair1234,2026-04-30,22:33:46,-07:00,2026-04-30T22:33:46-07:00,4,14
projects/projects.js,36,js,58d9d1ac,nithyanair1234,2026-04-30,22:33:46,-07:00,2026-04-30T22:33:46-07:00,4,12
projects/projects.js,37,js,58d9d1ac,nithyanair1234,2026-04-30,22:33:46,-07:00,2026-04-30T22:33:46-07:00,2,0
projects/projects.js,38,js,58d9d1ac,nithyanair1234,2026-04-30,22:33:46,-07:00,2026-04-30T22:33:46-07:00,0,0
projects/projects.js,39,js,58d9d1ac,nithyanair1234,2026-04-30,22:33:46,-07:00,2026-04-30T22:33:46-07:00,2,82
projects/projects.js,40,js,58d9d1ac,nithyanair1234,2026-04-30,22:33:46,-07:00,2026-04-30T22:33:46-07:00,0,0
projects/projects.js,41,js,58d9d1ac,nithyanair1234,2026-04-30,22:33:46,-07:00,2026-04-30T22:33:46-07:00,2,25
projects/projects.js,42,js,58d9d1ac,nithyanair1234,2026-04-30,22:33:46,-07:00,2026-04-30T22:33:46-07:00,2,29
projects/projects.js,43,js,58d9d1ac,nithyanair1234,2026-04-30,22:33:46,-07:00,2026-04-30T22:33:46-07:00,2,32
projects/projects.js,44,js,58d9d1ac,nithyanair1234,2026-04-30,22:33:46,-07:00,2026-04-30T22:33:46-07:00,2,30
projects/projects.js,45,js,58d9d1ac,nithyanair1234,2026-04-30,22:33:46,-07:00,2026-04-30T22:33:46-07:00,0,0
projects/projects.js,46,js,58d9d1ac,nithyanair1234,2026-04-30,22:33:46,-07:00,2026-04-30T22:33:46-07:00,2,53
projects/projects.js,47,js,58d9d1ac,nithyanair1234,2026-04-30,22:33:46,-07:00,2026-04-30T22:33:46-07:00,2,42
projects/projects.js,48,js,58d9d1ac,nithyanair1234,2026-04-30,22:33:46,-07:00,2026-04-30T22:33:46-07:00,2,47
projects/projects.js,49,js,58d9d1ac,nithyanair1234,2026-04-30,22:33:46,-07:00,2026-04-30T22:33:46-07:00,0,0
projects/projects.js,50,js,58d9d1ac,nithyanair1234,2026-04-30,22:33:46,-07:00,2026-04-30T22:33:46-07:00,2,28
projects/projects.js,51,js,58d9d1ac,nithyanair1234,2026-04-30,22:33:46,-07:00,2026-04-30T22:33:46-07:00,4,16
projects/projects.js,52,js,58d9d1ac,nithyanair1234,2026-04-30,22:33:46,-07:00,2026-04-30T22:33:46-07:00,5,25
projects/projects.js,53,js,58d9d1ac,nithyanair1234,2026-04-30,22:33:46,-07:00,2026-04-30T22:33:46-07:00,5,22
projects/projects.js,54,js,58d9d1ac,nithyanair1234,2026-04-30,22:33:46,-07:00,2026-04-30T22:33:46-07:00,5,65
projects/projects.js,55,js,58d9d1ac,nithyanair1234,2026-04-30,22:33:46,-07:00,2026-04-30T22:33:46-07:00,5,18
projects/projects.js,56,js,58d9d1ac,nithyanair1234,2026-04-30,22:33:46,-07:00,2026-04-30T22:33:46-07:00,7,73
projects/projects.js,57,js,58d9d1ac,nithyanair1234,2026-04-30,22:33:46,-07:00,2026-04-30T22:33:46-07:00,7,0
projects/projects.js,58,js,58d9d1ac,nithyanair1234,2026-04-30,22:33:46,-07:00,2026-04-30T22:33:46-07:00,7,56
projects/projects.js,59,js,58d9d1ac,nithyanair1234,2026-04-30,22:33:46,-07:00,2026-04-30T22:33:46-07:00,7,0
projects/projects.js,60,js,58d9d1ac,nithyanair1234,2026-04-30,22:33:46,-07:00,2026-04-30T22:33:46-07:00,7,101
projects/projects.js,61,js,58d9d1ac,nithyanair1234,2026-04-30,22:33:46,-07:00,2026-04-30T22:33:46-07:00,7,125
projects/projects.js,62,js,58d9d1ac,nithyanair1234,2026-04-30,22:33:46,-07:00,2026-04-30T22:33:46-07:00,5,1
projects/projects.js,63,js,58d9d1ac,nithyanair1234,2026-04-30,22:33:46,-07:00,2026-04-30T22:33:46-07:00,2,1
projects/projects.js,64,js,58d9d1ac,nithyanair1234,2026-04-30,22:33:46,-07:00,2026-04-30T22:33:46-07:00,0,0
projects/projects.js,65,js,58d9d1ac,nithyanair1234,2026-04-30,22:33:46,-07:00,2026-04-30T22:33:46-07:00,2,25
projects/projects.js,66,js,58d9d1ac,nithyanair1234,2026-04-30,22:33:46,-07:00,2026-04-30T22:33:46-07:00,4,17
projects/projects.js,67,js,58d9d1ac,nithyanair1234,2026-04-30,22:33:46,-07:00,2026-04-30T22:33:46-07:00,7,36
projects/projects.js,68,js,58d9d1ac,nithyanair1234,2026-04-30,22:33:46,-07:00,2026-04-30T22:33:46-07:00,7,79
projects/projects.js,69,js,58d9d1ac,nithyanair1234,2026-04-30,22:33:46,-07:00,2026-04-30T22:33:46-07:00,7,68
projects/projects.js,70,js,58d9d1ac,nithyanair1234,2026-04-30,22:33:46,-07:00,2026-04-30T22:33:46-07:00,7,18
projects/projects.js,71,js,58d9d1ac,nithyanair1234,2026-04-30,22:33:46,-07:00,2026-04-30T22:33:46-07:00,9,55
projects/projects.js,72,js,58d9d1ac,nithyanair1234,2026-04-30,22:33:46,-07:00,2026-04-30T22:33:46-07:00,9,56
projects/projects.js,73,js,58d9d1ac,nithyanair1234,2026-04-30,22:33:46,-07:00,2026-04-30T22:33:46-07:00,9,101
projects/projects.js,74,js,58d9d1ac,nithyanair1234,2026-04-30,22:33:46,-07:00,2026-04-30T22:33:46-07:00,9,125
projects/projects.js,75,js,58d9d1ac,nithyanair1234,2026-04-30,22:33:46,-07:00,2026-04-30T22:33:46-07:00,7,1
projects/projects.js,76,js,58d9d1ac,nithyanair1234,2026-04-30,22:33:46,-07:00,2026-04-30T22:33:46-07:00,2,1
projects/projects.js,77,js,58d9d1ac,nithyanair1234,2026-04-30,22:33:46,-07:00,2026-04-30T22:33:46-07:00,0,0
projects/projects.js,78,js,58d9d1ac,nithyanair1234,2026-04-30,22:33:46,-07:00,2026-04-30T22:33:46-07:00,2,56
projects/projects.js,79,js,58d9d1ac,nithyanair1234,2026-04-30,22:33:46,-07:00,2026-04-30T22:33:46-07:00,0,0
projects/projects.js,80,js,58d9d1ac,nithyanair1234,2026-04-30,22:33:46,-07:00,2026-04-30T22:33:46-07:00,0,0
projects/projects.js,81,js,58d9d1ac,nithyanair1234,2026-04-30,22:33:46,-07:00,2026-04-30T22:33:46-07:00,0,53
projects/projects.js,82,js,58d9d1ac,nithyanair1234,2026-04-30,22:33:46,-07:00,2026-04-30T22:33:46-07:00,0,48
projects/projects.js,83,js,58d9d1ac,nithyanair1234,2026-04-30,22:33:46,-07:00,2026-04-30T22:33:46-07:00,2,25
projects/projects.js,84,js,58d9d1ac,nithyanair1234,2026-04-30,22:33:46,-07:00,2026-04-30T22:33:46-07:00,2,15
projects/projects.js,85,js,3da991f4,nithyanair1234,2026-04-30,20:38:43,-07:00,2026-04-30T20:38:43-07:00,0,1
projects/projects.js,86,js,3da991f4,nithyanair1234,2026-04-30,20:38:43,-07:00,2026-04-30T20:38:43-07:00,0,0
projects/projects.js,87,js,58d9d1ac,nithyanair1234,2026-04-30,22:33:46,-07:00,2026-04-30T22:33:46-07:00,0,15
projects/index.html,1,html,144b4f97,nithyanair1234,2026-04-01,17:13:50,-07:00,2026-04-01T17:13:50-07:00,0,13
projects/index.html,2,html,144b4f97,nithyanair1234,2026-04-01,17:13:50,-07:00,2026-04-01T17:13:50-07:00,0,14
projects/index.html,3,html,144b4f97,nithyanair1234,2026-04-01,17:13:50,-07:00,2026-04-01T17:13:50-07:00,0,4
projects/index.html,4,html,9d5daf80,nithyanair1234,2026-04-09,12:12:58,-07:00,2026-04-09T12:12:58-07:00,2,41
projects/index.html,5,html,6941cb3d,nithyanair1234,2026-04-15,21:43:26,-07:00,2026-04-15T21:43:26-07:00,2,48
projects/index.html,6,html,f7e5d2b5,nithyanair1234,2026-04-24,15:40:29,-07:00,2026-04-24T15:40:29-07:00,2,47
projects/index.html,7,html,144b4f97,nithyanair1234,2026-04-01,17:13:50,-07:00,2026-04-01T17:13:50-07:00,2,20
projects/index.html,8,html,144b4f97,nithyanair1234,2026-04-01,17:13:50,-07:00,2026-04-01T17:13:50-07:00,2,68
projects/index.html,9,html,144b4f97,nithyanair1234,2026-04-01,17:13:50,-07:00,2026-04-01T17:13:50-07:00,2,48
projects/index.html,10,html,144b4f97,nithyanair1234,2026-04-01,17:13:50,-07:00,2026-04-01T17:13:50-07:00,0,5
projects/index.html,11,html,144b4f97,nithyanair1234,2026-04-01,17:13:50,-07:00,2026-04-01T17:13:50-07:00,0,4
projects/index.html,12,html,f7e5d2b5,nithyanair1234,2026-04-24,15:40:29,-07:00,2026-04-24T15:40:29-07:00,2,38
projects/index.html,13,html,3da991f4,nithyanair1234,2026-04-30,20:38:43,-07:00,2026-04-30T20:38:43-07:00,2,21
projects/index.html,14,html,3da991f4,nithyanair1234,2026-04-30,20:38:43,-07:00,2026-04-30T20:38:43-07:00,4,56
projects/index.html,15,html,3da991f4,nithyanair1234,2026-04-30,20:38:43,-07:00,2026-04-30T20:38:43-07:00,6,10
projects/index.html,16,html,3da991f4,nithyanair1234,2026-04-30,20:38:43,-07:00,2026-04-30T20:38:43-07:00,4,4
projects/index.html,17,html,3da991f4,nithyanair1234,2026-04-30,20:38:43,-07:00,2026-04-30T20:38:43-07:00,4,19
projects/index.html,18,html,3da991f4,nithyanair1234,2026-04-30,20:38:43,-07:00,2026-04-30T20:38:43-07:00,6,10
projects/index.html,19,html,3da991f4,nithyanair1234,2026-04-30,20:38:43,-07:00,2026-04-30T20:38:43-07:00,4,3
projects/index.html,20,html,3da991f4,nithyanair1234,2026-04-30,20:38:43,-07:00,2026-04-30T20:38:43-07:00,2,4
projects/index.html,21,html,58d9d1ac,nithyanair1234,2026-04-30,22:33:46,-07:00,2026-04-30T22:33:46-07:00,0,0
projects/index.html,22,html,58d9d1ac,nithyanair1234,2026-04-30,22:33:46,-07:00,2026-04-30T22:33:46-07:00,2,4
projects/index.html,23,html,58d9d1ac,nithyanair1234,2026-04-30,22:33:46,-07:00,2026-04-30T22:33:46-07:00,4,15
projects/index.html,24,html,58d9d1ac,nithyanair1234,2026-04-30,22:33:46,-07:00,2026-04-30T22:33:46-07:00,4,11
projects/index.html,25,html,58d9d1ac,nithyanair1234,2026-04-30,22:33:46,-07:00,2026-04-30T22:33:46-07:00,4,26
projects/index.html,26,html,58d9d1ac,nithyanair1234,2026-04-30,22:33:46,-07:00,2026-04-30T22:33:46-07:00,4,31
projects/index.html,27,html,58d9d1ac,nithyanair1234,2026-04-30,22:33:46,-07:00,2026-04-30T22:33:46-07:00,2,0
projects/index.html,28,html,3da991f4,nithyanair1234,2026-04-30,20:38:43,-07:00,2026-04-30T20:38:43-07:00,2,0
projects/index.html,29,html,f7e5d2b5,nithyanair1234,2026-04-24,15:40:29,-07:00,2026-04-24T15:40:29-07:00,2,26
projects/index.html,30,html,56fe8804,nithyanair1234,2026-04-03,16:13:19,-07:00,2026-04-03T16:13:19-07:00,0,0
projects/index.html,31,html,144b4f97,nithyanair1234,2026-04-01,17:13:50,-07:00,2026-04-01T17:13:50-07:00,0,5
projects/index.html,32,html,144b4f97,nithyanair1234,2026-04-01,17:13:50,-07:00,2026-04-01T17:13:50-07:00,0,5
contact/index.html,1,html,144b4f97,nithyanair1234,2026-04-01,17:13:50,-07:00,2026-04-01T17:13:50-07:00,0,13
contact/index.html,2,html,144b4f97,nithyanair1234,2026-04-01,17:13:50,-07:00,2026-04-01T17:13:50-07:00,0,14
contact/index.html,3,html,144b4f97,nithyanair1234,2026-04-01,17:13:50,-07:00,2026-04-01T17:13:50-07:00,0,4
contact/index.html,4,html,9d5daf80,nithyanair1234,2026-04-09,12:12:58,-07:00,2026-04-09T12:12:58-07:00,2,41
contact/index.html,5,html,6941cb3d,nithyanair1234,2026-04-15,21:43:26,-07:00,2026-04-15T21:43:26-07:00,2,48
contact/index.html,6,html,144b4f97,nithyanair1234,2026-04-01,17:13:50,-07:00,2026-04-01T17:13:50-07:00,2,20
contact/index.html,7,html,144b4f97,nithyanair1234,2026-04-01,17:13:50,-07:00,2026-04-01T17:13:50-07:00,2,68
contact/index.html,8,html,144b4f97,nithyanair1234,2026-04-01,17:13:50,-07:00,2026-04-01T17:13:50-07:00,2,48
contact/index.html,9,html,144b4f97,nithyanair1234,2026-04-01,17:13:50,-07:00,2026-04-01T17:13:50-07:00,0,5
contact/index.html,10,html,144b4f97,nithyanair1234,2026-04-01,17:13:50,-07:00,2026-04-01T17:13:50-07:00,0,4
contact/index.html,11,html,3b3ada6c,nithyanair1234,2026-04-01,18:13:03,-07:00,2026-04-01T18:13:03-07:00,0,0
contact/index.html,12,html,5801ab80,nithyanair1234,2026-04-09,12:17:14,-07:00,2026-04-09T12:17:14-07:00,2,14
contact/index.html,13,html,5801ab80,nithyanair1234,2026-04-09,12:17:14,-07:00,2026-04-09T12:17:14-07:00,0,0
contact/index.html,14,html,3b3ada6c,nithyanair1234,2026-04-01,18:13:03,-07:00,2026-04-01T18:13:03-07:00,2,73
contact/index.html,15,html,3b3ada6c,nithyanair1234,2026-04-01,18:13:03,-07:00,2026-04-01T18:13:03-07:00,4,67
contact/index.html,16,html,3b3ada6c,nithyanair1234,2026-04-01,18:13:03,-07:00,2026-04-01T18:13:03-07:00,4,60
contact/index.html,17,html,3b3ada6c,nithyanair1234,2026-04-01,18:13:03,-07:00,2026-04-01T18:13:03-07:00,3,65
contact/index.html,18,html,69a2dd25,nithyanair1234,2026-04-09,12:54:09,-07:00,2026-04-09T12:54:09-07:00,3,19
contact/index.html,19,html,3b3ada6c,nithyanair1234,2026-04-01,18:13:03,-07:00,2026-04-01T18:13:03-07:00,2,5
contact/index.html,20,html,144b4f97,nithyanair1234,2026-04-01,17:13:50,-07:00,2026-04-01T17:13:50-07:00,2,0
contact/index.html,21,html,144b4f97,nithyanair1234,2026-04-01,17:13:50,-07:00,2026-04-01T17:13:50-07:00,0,5
contact/index.html,22,html,144b4f97,nithyanair1234,2026-04-01,17:13:50,-07:00,2026-04-01T17:13:50-07:00,0,5
